Sample	HAMBI	POS	CHROM	GENE	product1	gene_name1	AF	EFFECT	TYPE	DP	HGVS_P	uniqvar	evo_presence	Evo	Replicate	Primer_pulse	COUNT	Variantgene
a-t1-1-d16	HAMBI_0105	83769	HAMBI_0105_plas01_circ	H0105_04846	hypothetical protein	NA	0.8	missense_variant	SNP	3	p.Gln106Arg	HAMBI_0105_plas01_circ_H0105_04846_p.Gln106Arg	yes	All ancestral	1	5	1	H0105_04846_NA
a-t1-1-d16	HAMBI_0105	142200	HAMBI_0105_plas01_circ	H0105_04901	Ribose import ATP-binding protein RbsA	rbsA_6	0.889	missense_variant	SNP	9	p.Val387Glu	HAMBI_0105_plas01_circ_H0105_04901_p.Val387Glu	yes	All ancestral	1	5	1	H0105_04901_rbsA_6
a-t1-3-d16	HAMBI_0105	83769	HAMBI_0105_plas01_circ	H0105_04846	hypothetical protein	NA	0.857	missense_variant	SNP	7	p.Gln106Arg	HAMBI_0105_plas01_circ_H0105_04846_p.Gln106Arg	yes	All ancestral	3	5	1	H0105_04846_NA
a-t1-3-d16	HAMBI_0105	142200	HAMBI_0105_plas01_circ	H0105_04901	Ribose import ATP-binding protein RbsA	rbsA_6	0.923	missense_variant	SNP	14	p.Val387Glu	HAMBI_0105_plas01_circ_H0105_04901_p.Val387Glu	yes	All ancestral	3	5	1	H0105_04901_rbsA_6
a-t2-1-d16	HAMBI_0105	83769	HAMBI_0105_plas01_circ	H0105_04846	hypothetical protein	NA	0.819	missense_variant	SNP	3	p.Gln106Arg	HAMBI_0105_plas01_circ_H0105_04846_p.Gln106Arg	yes	All ancestral	1	50	1	H0105_04846_NA
a-t2-1-d16	HAMBI_0105	142200	HAMBI_0105_plas01_circ	H0105_04901	Ribose import ATP-binding protein RbsA	rbsA_6	0.8	missense_variant	SNP	4	p.Val387Glu	HAMBI_0105_plas01_circ_H0105_04901_p.Val387Glu	yes	All ancestral	1	50	1	H0105_04901_rbsA_6
a-t4-1-d16	HAMBI_0105	83769	HAMBI_0105_plas01_circ	H0105_04846	hypothetical protein	NA	0.948	missense_variant	SNP	22	p.Gln106Arg	HAMBI_0105_plas01_circ_H0105_04846_p.Gln106Arg	yes	All ancestral	1	0	1	H0105_04846_NA
a-t4-1-d16	HAMBI_0105	142200	HAMBI_0105_plas01_circ	H0105_04901	Ribose import ATP-binding protein RbsA	rbsA_6	0.933	missense_variant	SNP	18	p.Val387Glu	HAMBI_0105_plas01_circ_H0105_04901_p.Val387Glu	yes	All ancestral	1	0	1	H0105_04901_rbsA_6
a-t4-3-d16	HAMBI_0105	83769	HAMBI_0105_plas01_circ	H0105_04846	hypothetical protein	NA	0.909	missense_variant	SNP	10	p.Gln106Arg	HAMBI_0105_plas01_circ_H0105_04846_p.Gln106Arg	yes	All ancestral	3	0	1	H0105_04846_NA
a-t4-3-d16	HAMBI_0105	142200	HAMBI_0105_plas01_circ	H0105_04901	Ribose import ATP-binding protein RbsA	rbsA_6	0.909	missense_variant	SNP	11	p.Val387Glu	HAMBI_0105_plas01_circ_H0105_04901_p.Val387Glu	yes	All ancestral	3	0	1	H0105_04901_rbsA_6
d-t1-1-d16	HAMBI_0105	83769	HAMBI_0105_plas01_circ	H0105_04846	hypothetical protein	NA	0.833	missense_variant	SNP	5	p.Gln106Arg	HAMBI_0105_plas01_circ_H0105_04846_p.Gln106Arg	yes	Pre-exposed 1972	1	5	1	H0105_04846_NA
d-t1-1-d16	HAMBI_0105	142200	HAMBI_0105_plas01_circ	H0105_04901	Ribose import ATP-binding protein RbsA	rbsA_6	0.884	missense_variant	SNP	7	p.Val387Glu	HAMBI_0105_plas01_circ_H0105_04901_p.Val387Glu	yes	Pre-exposed 1972	1	5	1	H0105_04901_rbsA_6
d-t1-3-d16	HAMBI_0105	83769	HAMBI_0105_plas01_circ	H0105_04846	hypothetical protein	NA	0.912	missense_variant	SNP	11	p.Gln106Arg	HAMBI_0105_plas01_circ_H0105_04846_p.Gln106Arg	yes	Pre-exposed 1972	3	5	1	H0105_04846_NA
d-t1-3-d16	HAMBI_0105	142200	HAMBI_0105_plas01_circ	H0105_04901	Ribose import ATP-binding protein RbsA	rbsA_6	0.75	missense_variant	SNP	4	p.Val387Glu	HAMBI_0105_plas01_circ_H0105_04901_p.Val387Glu	yes	Pre-exposed 1972	3	5	1	H0105_04901_rbsA_6
d-t4-1-d16	HAMBI_0105	83769	HAMBI_0105_plas01_circ	H0105_04846	hypothetical protein	NA	0.889	missense_variant	SNP	9	p.Gln106Arg	HAMBI_0105_plas01_circ_H0105_04846_p.Gln106Arg	yes	Pre-exposed 1972	1	0	1	H0105_04846_NA
d-t4-1-d16	HAMBI_0105	142200	HAMBI_0105_plas01_circ	H0105_04901	Ribose import ATP-binding protein RbsA	rbsA_6	0.889	missense_variant	SNP	11	p.Val387Glu	HAMBI_0105_plas01_circ_H0105_04901_p.Val387Glu	yes	Pre-exposed 1972	1	0	1	H0105_04901_rbsA_6
e-t1-1-d16	HAMBI_0105	83769	HAMBI_0105_plas01_circ	H0105_04846	hypothetical protein	NA	0.954	missense_variant	SNP	26	p.Gln106Arg	HAMBI_0105_plas01_circ_H0105_04846_p.Gln106Arg	yes	Pre-exposed 1977	1	5	1	H0105_04846_NA
e-t1-1-d16	HAMBI_0105	142200	HAMBI_0105_plas01_circ	H0105_04901	Ribose import ATP-binding protein RbsA	rbsA_6	0.962	missense_variant	SNP	31	p.Val387Glu	HAMBI_0105_plas01_circ_H0105_04901_p.Val387Glu	yes	Pre-exposed 1977	1	5	1	H0105_04901_rbsA_6
e-t1-3-d16	HAMBI_0105	83769	HAMBI_0105_plas01_circ	H0105_04846	hypothetical protein	NA	0.968	missense_variant	SNP	39	p.Gln106Arg	HAMBI_0105_plas01_circ_H0105_04846_p.Gln106Arg	yes	Pre-exposed 1977	3	5	1	H0105_04846_NA
e-t1-3-d16	HAMBI_0105	142200	HAMBI_0105_plas01_circ	H0105_04901	Ribose import ATP-binding protein RbsA	rbsA_6	0.933	missense_variant	SNP	17	p.Val387Glu	HAMBI_0105_plas01_circ_H0105_04901_p.Val387Glu	yes	Pre-exposed 1977	3	5	1	H0105_04901_rbsA_6
e-t2-1-d16	HAMBI_0105	83769	HAMBI_0105_plas01_circ	H0105_04846	hypothetical protein	NA	0.909	missense_variant	SNP	9	p.Gln106Arg	HAMBI_0105_plas01_circ_H0105_04846_p.Gln106Arg	yes	Pre-exposed 1977	1	50	1	H0105_04846_NA
e-t2-1-d16	HAMBI_0105	142200	HAMBI_0105_plas01_circ	H0105_04901	Ribose import ATP-binding protein RbsA	rbsA_6	0.929	missense_variant	SNP	13	p.Val387Glu	HAMBI_0105_plas01_circ_H0105_04901_p.Val387Glu	yes	Pre-exposed 1977	1	50	1	H0105_04901_rbsA_6
e-t2-3-d16	HAMBI_0105	83769	HAMBI_0105_plas01_circ	H0105_04846	hypothetical protein	NA	0.943	missense_variant	SNP	21	p.Gln106Arg	HAMBI_0105_plas01_circ_H0105_04846_p.Gln106Arg	yes	Pre-exposed 1977	3	50	1	H0105_04846_NA
e-t2-3-d16	HAMBI_0105	142200	HAMBI_0105_plas01_circ	H0105_04901	Ribose import ATP-binding protein RbsA	rbsA_6	0.933	missense_variant	SNP	17	p.Val387Glu	HAMBI_0105_plas01_circ_H0105_04901_p.Val387Glu	yes	Pre-exposed 1977	3	50	1	H0105_04901_rbsA_6
e-t3-1-d16	HAMBI_0105	83769	HAMBI_0105_plas01_circ	H0105_04846	hypothetical protein	NA	0.946	missense_variant	SNP	19	p.Gln106Arg	HAMBI_0105_plas01_circ_H0105_04846_p.Gln106Arg	yes	Pre-exposed 1977	1	500	1	H0105_04846_NA
e-t3-1-d16	HAMBI_0105	142200	HAMBI_0105_plas01_circ	H0105_04901	Ribose import ATP-binding protein RbsA	rbsA_6	0.944	missense_variant	SNP	20	p.Val387Glu	HAMBI_0105_plas01_circ_H0105_04901_p.Val387Glu	yes	Pre-exposed 1977	1	500	1	H0105_04901_rbsA_6
e-t3-3-d16	HAMBI_0105	83769	HAMBI_0105_plas01_circ	H0105_04846	hypothetical protein	NA	0.933	missense_variant	SNP	18	p.Gln106Arg	HAMBI_0105_plas01_circ_H0105_04846_p.Gln106Arg	yes	Pre-exposed 1977	3	500	1	H0105_04846_NA
e-t3-3-d16	HAMBI_0105	142200	HAMBI_0105_plas01_circ	H0105_04901	Ribose import ATP-binding protein RbsA	rbsA_6	0.929	missense_variant	SNP	16	p.Val387Glu	HAMBI_0105_plas01_circ_H0105_04901_p.Val387Glu	yes	Pre-exposed 1977	3	500	1	H0105_04901_rbsA_6
e-t4-1-d16	HAMBI_0105	83769	HAMBI_0105_plas01_circ	H0105_04846	hypothetical protein	NA	0.964	missense_variant	SNP	37	p.Gln106Arg	HAMBI_0105_plas01_circ_H0105_04846_p.Gln106Arg	yes	Pre-exposed 1977	1	0	1	H0105_04846_NA
e-t4-1-d16	HAMBI_0105	142200	HAMBI_0105_plas01_circ	H0105_04901	Ribose import ATP-binding protein RbsA	rbsA_6	0.971	missense_variant	SNP	46	p.Val387Glu	HAMBI_0105_plas01_circ_H0105_04901_p.Val387Glu	yes	Pre-exposed 1977	1	0	1	H0105_04901_rbsA_6
e-t4-3-d16	HAMBI_0105	83769	HAMBI_0105_plas01_circ	H0105_04846	hypothetical protein	NA	0.957	missense_variant	SNP	27	p.Gln106Arg	HAMBI_0105_plas01_circ_H0105_04846_p.Gln106Arg	yes	Pre-exposed 1977	3	0	1	H0105_04846_NA
e-t4-3-d16	HAMBI_0105	142200	HAMBI_0105_plas01_circ	H0105_04901	Ribose import ATP-binding protein RbsA	rbsA_6	0.95	missense_variant	SNP	25	p.Val387Glu	HAMBI_0105_plas01_circ_H0105_04901_p.Val387Glu	yes	Pre-exposed 1977	3	0	1	H0105_04901_rbsA_6
f-t4-3-d16	HAMBI_0105	83769	HAMBI_0105_plas01_circ	H0105_04846	hypothetical protein	NA	0.8	missense_variant	SNP	4	p.Gln106Arg	HAMBI_0105_plas01_circ_H0105_04846_p.Gln106Arg	yes	All pre-exposed	3	0	1	H0105_04846_NA
f-t4-3-d16	HAMBI_0105	142200	HAMBI_0105_plas01_circ	H0105_04901	Ribose import ATP-binding protein RbsA	rbsA_6	0.875	missense_variant	SNP	8	p.Val387Glu	HAMBI_0105_plas01_circ_H0105_04901_p.Val387Glu	yes	All pre-exposed	3	0	1	H0105_04901_rbsA_6
a-t1-2-d16	HAMBI_0105	83769	HAMBI_0105_plas01_circ	H0105_04846	hypothetical protein	NA	0.875	missense_variant	SNP	8	p.Gln106Arg	HAMBI_0105_plas01_circ_H0105_04846_p.Gln106Arg	yes	All ancestral	2	5	1	H0105_04846_NA
a-t1-2-d16	HAMBI_0105	142200	HAMBI_0105_plas01_circ	H0105_04901	Ribose import ATP-binding protein RbsA	rbsA_6	0.909	missense_variant	SNP	13	p.Val387Glu	HAMBI_0105_plas01_circ_H0105_04901_p.Val387Glu	yes	All ancestral	2	5	1	H0105_04901_rbsA_6
a-t1-4-d16	HAMBI_0105	83769	HAMBI_0105_plas01_circ	H0105_04846	hypothetical protein	NA	0.75	missense_variant	SNP	2	p.Gln106Arg	HAMBI_0105_plas01_circ_H0105_04846_p.Gln106Arg	yes	All ancestral	4	5	1	H0105_04846_NA
a-t1-4-d16	HAMBI_0105	142200	HAMBI_0105_plas01_circ	H0105_04901	Ribose import ATP-binding protein RbsA	rbsA_6	0.8	missense_variant	SNP	4	p.Val387Glu	HAMBI_0105_plas01_circ_H0105_04901_p.Val387Glu	yes	All ancestral	4	5	1	H0105_04901_rbsA_6
a-t2-4-d16	HAMBI_0105	83769	HAMBI_0105_plas01_circ	H0105_04846	hypothetical protein	NA	0.909	missense_variant	SNP	9	p.Gln106Arg	HAMBI_0105_plas01_circ_H0105_04846_p.Gln106Arg	yes	All ancestral	4	50	1	H0105_04846_NA
a-t2-4-d16	HAMBI_0105	142200	HAMBI_0105_plas01_circ	H0105_04901	Ribose import ATP-binding protein RbsA	rbsA_6	0.909	missense_variant	SNP	12	p.Val387Glu	HAMBI_0105_plas01_circ_H0105_04901_p.Val387Glu	yes	All ancestral	4	50	1	H0105_04901_rbsA_6
a-t3-2-d16	HAMBI_0105	83769	HAMBI_0105_plas01_circ	H0105_04846	hypothetical protein	NA	0.909	missense_variant	SNP	9	p.Gln106Arg	HAMBI_0105_plas01_circ_H0105_04846_p.Gln106Arg	yes	All ancestral	2	500	1	H0105_04846_NA
a-t3-2-d16	HAMBI_0105	142200	HAMBI_0105_plas01_circ	H0105_04901	Ribose import ATP-binding protein RbsA	rbsA_6	0.8	missense_variant	SNP	3	p.Val387Glu	HAMBI_0105_plas01_circ_H0105_04901_p.Val387Glu	yes	All ancestral	2	500	1	H0105_04901_rbsA_6
a-t3-4-d16	HAMBI_0105	83769	HAMBI_0105_plas01_circ	H0105_04846	hypothetical protein	NA	0.75	missense_variant	SNP	3	p.Gln106Arg	HAMBI_0105_plas01_circ_H0105_04846_p.Gln106Arg	yes	All ancestral	4	500	1	H0105_04846_NA
a-t3-4-d16	HAMBI_0105	142200	HAMBI_0105_plas01_circ	H0105_04901	Ribose import ATP-binding protein RbsA	rbsA_6	0.909	missense_variant	SNP	11	p.Val387Glu	HAMBI_0105_plas01_circ_H0105_04901_p.Val387Glu	yes	All ancestral	4	500	1	H0105_04901_rbsA_6
a-t4-2-d16	HAMBI_0105	83769	HAMBI_0105_plas01_circ	H0105_04846	hypothetical protein	NA	0.874	missense_variant	SNP	10	p.Gln106Arg	HAMBI_0105_plas01_circ_H0105_04846_p.Gln106Arg	yes	All ancestral	2	0	1	H0105_04846_NA
a-t4-2-d16	HAMBI_0105	142200	HAMBI_0105_plas01_circ	H0105_04901	Ribose import ATP-binding protein RbsA	rbsA_6	0.833	missense_variant	SNP	5	p.Val387Glu	HAMBI_0105_plas01_circ_H0105_04901_p.Val387Glu	yes	All ancestral	2	0	1	H0105_04901_rbsA_6
a-t4-4-d16	HAMBI_0105	83769	HAMBI_0105_plas01_circ	H0105_04846	hypothetical protein	NA	0.912	missense_variant	SNP	12	p.Gln106Arg	HAMBI_0105_plas01_circ_H0105_04846_p.Gln106Arg	yes	All ancestral	4	0	1	H0105_04846_NA
a-t4-4-d16	HAMBI_0105	142200	HAMBI_0105_plas01_circ	H0105_04901	Ribose import ATP-binding protein RbsA	rbsA_6	0.889	missense_variant	SNP	10	p.Val387Glu	HAMBI_0105_plas01_circ_H0105_04901_p.Val387Glu	yes	All ancestral	4	0	1	H0105_04901_rbsA_6
d-t1-2-d16	HAMBI_0105	83769	HAMBI_0105_plas01_circ	H0105_04846	hypothetical protein	NA	0.909	missense_variant	SNP	12	p.Gln106Arg	HAMBI_0105_plas01_circ_H0105_04846_p.Gln106Arg	yes	Pre-exposed 1972	2	5	1	H0105_04846_NA
d-t1-2-d16	HAMBI_0105	142200	HAMBI_0105_plas01_circ	H0105_04901	Ribose import ATP-binding protein RbsA	rbsA_6	0.9	missense_variant	SNP	9	p.Val387Glu	HAMBI_0105_plas01_circ_H0105_04901_p.Val387Glu	yes	Pre-exposed 1972	2	5	1	H0105_04901_rbsA_6
d-t1-4-d16	HAMBI_0105	83769	HAMBI_0105_plas01_circ	H0105_04846	hypothetical protein	NA	0.833	missense_variant	SNP	4	p.Gln106Arg	HAMBI_0105_plas01_circ_H0105_04846_p.Gln106Arg	yes	Pre-exposed 1972	4	5	1	H0105_04846_NA
d-t1-4-d16	HAMBI_0105	142200	HAMBI_0105_plas01_circ	H0105_04901	Ribose import ATP-binding protein RbsA	rbsA_6	0.833	missense_variant	SNP	5	p.Val387Glu	HAMBI_0105_plas01_circ_H0105_04901_p.Val387Glu	yes	Pre-exposed 1972	4	5	1	H0105_04901_rbsA_6
d-t4-2-d16	HAMBI_0105	83769	HAMBI_0105_plas01_circ	H0105_04846	hypothetical protein	NA	0.841	missense_variant	SNP	5	p.Gln106Arg	HAMBI_0105_plas01_circ_H0105_04846_p.Gln106Arg	yes	Pre-exposed 1972	2	0	1	H0105_04846_NA
d-t4-2-d16	HAMBI_0105	142200	HAMBI_0105_plas01_circ	H0105_04901	Ribose import ATP-binding protein RbsA	rbsA_6	0.75	missense_variant	SNP	3	p.Val387Glu	HAMBI_0105_plas01_circ_H0105_04901_p.Val387Glu	yes	Pre-exposed 1972	2	0	1	H0105_04901_rbsA_6
d-t4-4-d16	HAMBI_0105	83769	HAMBI_0105_plas01_circ	H0105_04846	hypothetical protein	NA	0.916	missense_variant	SNP	12	p.Gln106Arg	HAMBI_0105_plas01_circ_H0105_04846_p.Gln106Arg	yes	Pre-exposed 1972	4	0	1	H0105_04846_NA
d-t4-4-d16	HAMBI_0105	142200	HAMBI_0105_plas01_circ	H0105_04901	Ribose import ATP-binding protein RbsA	rbsA_6	0.9	missense_variant	SNP	10	p.Val387Glu	HAMBI_0105_plas01_circ_H0105_04901_p.Val387Glu	yes	Pre-exposed 1972	4	0	1	H0105_04901_rbsA_6
e-t1-2-d16	HAMBI_0105	83769	HAMBI_0105_plas01_circ	H0105_04846	hypothetical protein	NA	0.968	missense_variant	SNP	38	p.Gln106Arg	HAMBI_0105_plas01_circ_H0105_04846_p.Gln106Arg	yes	Pre-exposed 1977	2	5	1	H0105_04846_NA
e-t1-2-d16	HAMBI_0105	142200	HAMBI_0105_plas01_circ	H0105_04901	Ribose import ATP-binding protein RbsA	rbsA_6	0.917	missense_variant	SNP	16	p.Val387Glu	HAMBI_0105_plas01_circ_H0105_04901_p.Val387Glu	yes	Pre-exposed 1977	2	5	1	H0105_04901_rbsA_6
e-t1-4-d16	HAMBI_0105	83769	HAMBI_0105_plas01_circ	H0105_04846	hypothetical protein	NA	0.955	missense_variant	SNP	24	p.Gln106Arg	HAMBI_0105_plas01_circ_H0105_04846_p.Gln106Arg	yes	Pre-exposed 1977	4	5	1	H0105_04846_NA
e-t1-4-d16	HAMBI_0105	142200	HAMBI_0105_plas01_circ	H0105_04901	Ribose import ATP-binding protein RbsA	rbsA_6	0.944	missense_variant	SNP	21	p.Val387Glu	HAMBI_0105_plas01_circ_H0105_04901_p.Val387Glu	yes	Pre-exposed 1977	4	5	1	H0105_04901_rbsA_6
e-t2-2-d16	HAMBI_0105	83769	HAMBI_0105_plas01_circ	H0105_04846	hypothetical protein	NA	0.93	missense_variant	SNP	20	p.Gln106Arg	HAMBI_0105_plas01_circ_H0105_04846_p.Gln106Arg	yes	Pre-exposed 1977	2	50	1	H0105_04846_NA
e-t2-2-d16	HAMBI_0105	142200	HAMBI_0105_plas01_circ	H0105_04901	Ribose import ATP-binding protein RbsA	rbsA_6	0.9	missense_variant	SNP	8	p.Val387Glu	HAMBI_0105_plas01_circ_H0105_04901_p.Val387Glu	yes	Pre-exposed 1977	2	50	1	H0105_04901_rbsA_6
e-t2-4-d16	HAMBI_0105	83769	HAMBI_0105_plas01_circ	H0105_04846	hypothetical protein	NA	0.909	missense_variant	SNP	11	p.Gln106Arg	HAMBI_0105_plas01_circ_H0105_04846_p.Gln106Arg	yes	Pre-exposed 1977	4	50	1	H0105_04846_NA
e-t2-4-d16	HAMBI_0105	142200	HAMBI_0105_plas01_circ	H0105_04901	Ribose import ATP-binding protein RbsA	rbsA_6	0.888	missense_variant	SNP	10	p.Val387Glu	HAMBI_0105_plas01_circ_H0105_04901_p.Val387Glu	yes	Pre-exposed 1977	4	50	1	H0105_04901_rbsA_6
e-t3-2-d16	HAMBI_0105	83769	HAMBI_0105_plas01_circ	H0105_04846	hypothetical protein	NA	0.952	missense_variant	SNP	23	p.Gln106Arg	HAMBI_0105_plas01_circ_H0105_04846_p.Gln106Arg	yes	Pre-exposed 1977	2	500	1	H0105_04846_NA
e-t3-2-d16	HAMBI_0105	142200	HAMBI_0105_plas01_circ	H0105_04901	Ribose import ATP-binding protein RbsA	rbsA_6	0.923	missense_variant	SNP	14	p.Val387Glu	HAMBI_0105_plas01_circ_H0105_04901_p.Val387Glu	yes	Pre-exposed 1977	2	500	1	H0105_04901_rbsA_6
e-t3-4-d16	HAMBI_0105	83769	HAMBI_0105_plas01_circ	H0105_04846	hypothetical protein	NA	0.917	missense_variant	SNP	10	p.Gln106Arg	HAMBI_0105_plas01_circ_H0105_04846_p.Gln106Arg	yes	Pre-exposed 1977	4	500	1	H0105_04846_NA
e-t3-4-d16	HAMBI_0105	142200	HAMBI_0105_plas01_circ	H0105_04901	Ribose import ATP-binding protein RbsA	rbsA_6	0.95	missense_variant	SNP	21	p.Val387Glu	HAMBI_0105_plas01_circ_H0105_04901_p.Val387Glu	yes	Pre-exposed 1977	4	500	1	H0105_04901_rbsA_6
e-t4-2-d16	HAMBI_0105	83769	HAMBI_0105_plas01_circ	H0105_04846	hypothetical protein	NA	0.951	missense_variant	SNP	21	p.Gln106Arg	HAMBI_0105_plas01_circ_H0105_04846_p.Gln106Arg	yes	Pre-exposed 1977	2	0	1	H0105_04846_NA
e-t4-2-d16	HAMBI_0105	142200	HAMBI_0105_plas01_circ	H0105_04901	Ribose import ATP-binding protein RbsA	rbsA_6	0.928	missense_variant	SNP	14	p.Val387Glu	HAMBI_0105_plas01_circ_H0105_04901_p.Val387Glu	yes	Pre-exposed 1977	2	0	1	H0105_04901_rbsA_6
e-t4-4-d16	HAMBI_0105	83769	HAMBI_0105_plas01_circ	H0105_04846	hypothetical protein	NA	0.961	missense_variant	SNP	30	p.Gln106Arg	HAMBI_0105_plas01_circ_H0105_04846_p.Gln106Arg	yes	Pre-exposed 1977	4	0	1	H0105_04846_NA
e-t4-4-d16	HAMBI_0105	142200	HAMBI_0105_plas01_circ	H0105_04901	Ribose import ATP-binding protein RbsA	rbsA_6	0.919	missense_variant	SNP	10	p.Val387Glu	HAMBI_0105_plas01_circ_H0105_04901_p.Val387Glu	yes	Pre-exposed 1977	4	0	1	H0105_04901_rbsA_6
CC	HAMBI_0105	83769	HAMBI_0105_plas01_circ	H0105_04846	hypothetical protein	NA	0.978	missense_variant	SNP	56	p.Gln106Arg	HAMBI_0105_plas01_circ_H0105_04846_p.Gln106Arg	yes	NA	NA	NA	1	H0105_04846_NA
CC	HAMBI_0105	142200	HAMBI_0105_plas01_circ	H0105_04901	Ribose import ATP-binding protein RbsA	rbsA_6	0.96	missense_variant	SNP	28	p.Val387Glu	HAMBI_0105_plas01_circ_H0105_04901_p.Val387Glu	yes	NA	NA	NA	1	H0105_04901_rbsA_6
d-t4-3-d16	HAMBI_0105	83769	HAMBI_0105_plas01_circ	H0105_04846	hypothetical protein	NA	0.75	missense_variant	SNP	2	p.Gln106Arg	HAMBI_0105_plas01_circ_H0105_04846_p.Gln106Arg	yes	Pre-exposed 1972	3	0	1	H0105_04846_NA
d-t4-3-d16	HAMBI_0105	142200	HAMBI_0105_plas01_circ	H0105_04901	Ribose import ATP-binding protein RbsA	rbsA_6	0.833	missense_variant	SNP	4	p.Val387Glu	HAMBI_0105_plas01_circ_H0105_04901_p.Val387Glu	yes	Pre-exposed 1972	3	0	1	H0105_04901_rbsA_6
a-t2-1-d16	HAMBI_1287	2857919	HAMBI_1287_chrm01_circ	H1287_02693	Tyrosine recombinase XerC	xerC_2	0.531	frameshift_variant&stop_gained	INDEL	65	p.Ala163fs	HAMBI_1287_chrm01_circ_H1287_02693_p.Ala163fs	no	All ancestral	1	50	1	H1287_02693_xerC_2
a-t2-1-d16	HAMBI_1287	2857921	HAMBI_1287_chrm01_circ	H1287_02693	Tyrosine recombinase XerC	xerC_2	0.531	frameshift_variant	INDEL	65	p.Glu164fs	HAMBI_1287_chrm01_circ_H1287_02693_p.Glu164fs	no	All ancestral	1	50	1	H1287_02693_xerC_2
a-t2-3-d16	HAMBI_1287	2858159	HAMBI_1287_chrm01_circ	H1287_02693	Tyrosine recombinase XerC	xerC_2	0.372	stop_gained&conservative_inframe_insertion	INDEL	49	p.Ser242_Gly243insTyrTrpTerLeuSerIleArgHisAsnValMetLysTerLysGluLeuPheGlnSerThrSerThrTyrTerProHisGlnArgGlnLysProArgSerGln	HAMBI_1287_chrm01_circ_H1287_02693_p.Ser242_Gly243insTyrTrpTerLeuSerIleArgHisAsnValMetLysTerLysGluLeuPheGlnSerThrSerThrTyrTerProHisGlnArgGlnLysProArgSerGln	no	All ancestral	3	50	1	H1287_02693_xerC_2
d-t1-3-d16	HAMBI_1287	2858159	HAMBI_1287_chrm01_circ	H1287_02693	Tyrosine recombinase XerC	xerC_2	0.27	stop_gained&conservative_inframe_insertion	INDEL	124	p.Ser242_Gly243insTyrTrpTerLeuSerIleArgHisAsnValMetLysTerLysGluLeuPheGlnSerThrSerThrTyrTerProHisGlnArgGlnLysProArgSerGln	HAMBI_1287_chrm01_circ_H1287_02693_p.Ser242_Gly243insTyrTrpTerLeuSerIleArgHisAsnValMetLysTerLysGluLeuPheGlnSerThrSerThrTyrTerProHisGlnArgGlnLysProArgSerGln	no	Pre-exposed 1972	3	5	1	H1287_02693_xerC_2
d-t2-3-d16	HAMBI_1287	2857806	HAMBI_1287_chrm01_circ	H1287_02693	Tyrosine recombinase XerC	xerC_2	0.581	disruptive_inframe_insertion	INDEL	72	p.Ser125delinsIleGly	HAMBI_1287_chrm01_circ_H1287_02693_p.Ser125delinsIleGly	no	Pre-exposed 1972	3	50	1	H1287_02693_xerC_2
d-t2-3-d16	HAMBI_1287	2857809	HAMBI_1287_chrm01_circ	H1287_02693	Tyrosine recombinase XerC	xerC_2	0.595	frameshift_variant	INDEL	51	p.Val126fs	HAMBI_1287_chrm01_circ_H1287_02693_p.Val126fs	no	Pre-exposed 1972	3	50	1	H1287_02693_xerC_2
d-t3-1-d16	HAMBI_1287	1185998	HAMBI_1287_chrm01_circ	H1287_01141	Phosphoribosylformylglycinamidine synthase	purL	0.485	missense_variant	SNP	34	p.Gly851Asp	HAMBI_1287_chrm01_circ_H1287_01141_p.Gly851Asp	no	Pre-exposed 1972	1	500	1	H1287_01141_purL
d-t3-1-d16	HAMBI_1287	2662211	HAMBI_1287_chrm01_circ	H1287_02503	Ribonuclease E	rne	0.485	stop_gained	SNP	43	p.Lys549*	HAMBI_1287_chrm01_circ_H1287_02503_p.Lys549*	no	Pre-exposed 1972	1	500	1	H1287_02503_rne
d-t3-1-d16	HAMBI_1287	2834210	HAMBI_1287_chrm01_circ	H1287_02663	hypothetical protein	NA	0.652	missense_variant	SNP	192	p.Gly31Glu	HAMBI_1287_chrm01_circ_H1287_02663_p.Gly31Glu	no	Pre-exposed 1972	1	500	1	H1287_02663_NA
d-t3-3-d16	HAMBI_1287	2836988	HAMBI_1287_chrm01_circ	H1287_02666	hypothetical protein	NA	0.639	missense_variant	SNP	42	p.Gln115His	HAMBI_1287_chrm01_circ_H1287_02666_p.Gln115His	no	Pre-exposed 1972	3	500	1	H1287_02666_NA
d-t4-1-d16	HAMBI_1287	2858532	HAMBI_1287_chrm01_circ	H1287_02694	Pyruvate formate-lyase 1-activating enzyme	pflA	0.301	frameshift_variant&stop_gained	INDEL	51	p.Arg25fs	HAMBI_1287_chrm01_circ_H1287_02694_p.Arg25fs	no	Pre-exposed 1972	1	0	1	H1287_02694_pflA
e-t2-1-d16	HAMBI_1287	2857809	HAMBI_1287_chrm01_circ	H1287_02693	Tyrosine recombinase XerC	xerC_2	0.187	frameshift_variant&stop_gained	INDEL	84	p.Val126fs	HAMBI_1287_chrm01_circ_H1287_02693_p.Val126fs	no	Pre-exposed 1977	1	50	1	H1287_02693_xerC_2
e-t3-1-d16	HAMBI_1287	2858236	HAMBI_1287_chrm01_circ	H1287_02693	Tyrosine recombinase XerC	xerC_2	0.729	missense_variant	SNP	178	p.Gln268Leu	HAMBI_1287_chrm01_circ_H1287_02693_p.Gln268Leu	no	Pre-exposed 1977	1	500	1	H1287_02693_xerC_2
e-t3-3-d16	HAMBI_1287	1694766	HAMBI_1287_chrm01_circ	H1287_01589	hypothetical protein	NA	0.4	missense_variant	SNP	27	p.His129Tyr	HAMBI_1287_chrm01_circ_H1287_01589_p.His129Tyr	no	Pre-exposed 1977	3	500	1	H1287_01589_NA
e-t3-3-d16	HAMBI_1287	2858159	HAMBI_1287_chrm01_circ	H1287_02693	Tyrosine recombinase XerC	xerC_2	0.662	frameshift_variant&stop_gained	INDEL	171	p.Gly243fs	HAMBI_1287_chrm01_circ_H1287_02693_p.Gly243fs	no	Pre-exposed 1977	3	500	1	H1287_02693_xerC_2
f-t1-1-d16	HAMBI_1287	3422859	HAMBI_1287_chrm01_circ	H1287_03213	Phosphate regulon transcriptional regulatory protein PhoB	phoB	0.098	missense_variant	SNP	234	p.Arg121Cys	HAMBI_1287_chrm01_circ_H1287_03213_p.Arg121Cys	no	All pre-exposed	1	5	1	H1287_03213_phoB
f-t4-1-d16	HAMBI_1287	3422859	HAMBI_1287_chrm01_circ	H1287_03213	Phosphate regulon transcriptional regulatory protein PhoB	phoB	0.052	missense_variant	SNP	100	p.Arg121Cys	HAMBI_1287_chrm01_circ_H1287_03213_p.Arg121Cys	no	All pre-exposed	1	0	1	H1287_03213_phoB
a-t1-2-d16	HAMBI_1287	2857809	HAMBI_1287_chrm01_circ	H1287_02693	Tyrosine recombinase XerC	xerC_2	0.121	frameshift_variant&stop_gained	INDEL	96	p.Val126fs	HAMBI_1287_chrm01_circ_H1287_02693_p.Val126fs	no	All ancestral	2	5	1	H1287_02693_xerC_2
a-t2-2-d16	HAMBI_1287	1692685	HAMBI_1287_chrm01_circ	H1287_01587	hypothetical protein	NA	0.348	frameshift_variant	INDEL	24	p.Gly226fs	HAMBI_1287_chrm01_circ_H1287_01587_p.Gly226fs	no	All ancestral	2	50	1	H1287_01587_NA
a-t2-4-d16	HAMBI_1287	2857809	HAMBI_1287_chrm01_circ	H1287_02693	Tyrosine recombinase XerC	xerC_2	0.2	frameshift_variant&stop_gained	INDEL	88	p.Val126fs	HAMBI_1287_chrm01_circ_H1287_02693_p.Val126fs	no	All ancestral	4	50	1	H1287_02693_xerC_2
a-t3-4-d16	HAMBI_1287	2857803	HAMBI_1287_chrm01_circ	H1287_02693	Tyrosine recombinase XerC	xerC_2	0.41	stop_gained&disruptive_inframe_insertion	INDEL	83	p.Val124_Ser125insIleGlyAspSerLeuTerAspIleThrTerTerAsnLysArgAsnTyrPheLysAlaArgProHisIleAspHisIleAsnAspLysSerProAspLeu	HAMBI_1287_chrm01_circ_H1287_02693_p.Val124_Ser125insIleGlyAspSerLeuTerAspIleThrTerTerAsnLysArgAsnTyrPheLysAlaArgProHisIleAspHisIleAsnAspLysSerProAspLeu	no	All ancestral	4	500	1	H1287_02693_xerC_2
d-t3-4-d16	HAMBI_1287	1186088	HAMBI_1287_chrm01_circ	H1287_01141	Phosphoribosylformylglycinamidine synthase	purL	0.372	missense_variant	SNP	56	p.Ala881Val	HAMBI_1287_chrm01_circ_H1287_01141_p.Ala881Val	no	Pre-exposed 1972	4	500	1	H1287_01141_purL
d-t3-4-d16	HAMBI_1287	1692752	HAMBI_1287_chrm01_circ	H1287_01587	hypothetical protein	NA	0.485	frameshift_variant	INDEL	37	p.Lys252fs	HAMBI_1287_chrm01_circ_H1287_01587_p.Lys252fs	no	Pre-exposed 1972	4	500	1	H1287_01587_NA
d-t4-2-d16	HAMBI_1287	2857803	HAMBI_1287_chrm01_circ	H1287_02693	Tyrosine recombinase XerC	xerC_2	0.327	stop_gained&disruptive_inframe_insertion	INDEL	143	p.Val124_Ser125insIleGlyAspSerLeuTerAspIleThrTerTerAsnLysArgAsnTyrPheLysAlaArgProHisIleAspHisIleAsnAspLysSerProAspLeu	HAMBI_1287_chrm01_circ_H1287_02693_p.Val124_Ser125insIleGlyAspSerLeuTerAspIleThrTerTerAsnLysArgAsnTyrPheLysAlaArgProHisIleAspHisIleAsnAspLysSerProAspLeu	no	Pre-exposed 1972	2	0	1	H1287_02693_xerC_2
d-t4-2-d16	HAMBI_1287	2858022	HAMBI_1287_chrm01_circ	H1287_02693	Tyrosine recombinase XerC	xerC_2	0.703	missense_variant	SNP	87	p.Arg197Ser	HAMBI_1287_chrm01_circ_H1287_02693_p.Arg197Ser	no	Pre-exposed 1972	2	0	1	H1287_02693_xerC_2
e-t1-2-d16	HAMBI_1287	2858159	HAMBI_1287_chrm01_circ	H1287_02693	Tyrosine recombinase XerC	xerC_2	0.366	frameshift_variant&stop_gained	INDEL	57	p.Gly243fs	HAMBI_1287_chrm01_circ_H1287_02693_p.Gly243fs	no	Pre-exposed 1977	2	5	1	H1287_02693_xerC_2
e-t3-2-d16	HAMBI_1287	102436	HAMBI_1287_chrm01_circ	H1287_00097	Lipopolysaccharide core heptosyltransferase RfaQ	rfaQ	0.495	stop_gained	SNP	47	p.Tyr60*	HAMBI_1287_chrm01_circ_H1287_00097_p.Tyr60*	no	Pre-exposed 1977	2	500	1	H1287_00097_rfaQ
f-t1-2-d16	HAMBI_1287	2858159	HAMBI_1287_chrm01_circ	H1287_02693	Tyrosine recombinase XerC	xerC_2	0.166	stop_gained&conservative_inframe_insertion	INDEL	196	p.Ser242_Gly243insTyrTrpTerLeuSerIleArgHisAsnValMetLysTerLysGluLeuPheGlnSerThrSerThrTyrTerProHisGlnArgGlnLysProArgSerGln	HAMBI_1287_chrm01_circ_H1287_02693_p.Ser242_Gly243insTyrTrpTerLeuSerIleArgHisAsnValMetLysTerLysGluLeuPheGlnSerThrSerThrTyrTerProHisGlnArgGlnLysProArgSerGln	no	All pre-exposed	2	5	1	H1287_02693_xerC_2
f-t1-2-d16	HAMBI_1287	3422859	HAMBI_1287_chrm01_circ	H1287_03213	Phosphate regulon transcriptional regulatory protein PhoB	phoB	0.529	missense_variant	SNP	139	p.Arg121Cys	HAMBI_1287_chrm01_circ_H1287_03213_p.Arg121Cys	no	All pre-exposed	2	5	1	H1287_03213_phoB
d-t4-3-d16	HAMBI_1287	2858159	HAMBI_1287_chrm01_circ	H1287_02693	Tyrosine recombinase XerC	xerC_2	0.221	frameshift_variant&stop_gained	INDEL	156	p.Gly243fs	HAMBI_1287_chrm01_circ_H1287_02693_p.Gly243fs	no	Pre-exposed 1972	3	0	1	H1287_02693_xerC_2
a-t1-1-d16	HAMBI_1896	2779691	HAMBI_1896_chrm01_circ	H1896_02399	Vitamin B12 transporter BtuB	btuB_8	0.5	frameshift_variant	INDEL	109	p.Asn9fs	HAMBI_1896_chrm01_circ_H1896_02399_p.Asn9fs	no	All ancestral	1	5	1	H1896_02399_btuB_8
a-t2-1-d16	HAMBI_1896	2780717	HAMBI_1896_chrm01_circ	H1896_02399	Vitamin B12 transporter BtuB	btuB_8	0.513	stop_gained	SNP	90	p.Gln349*	HAMBI_1896_chrm01_circ_H1896_02399_p.Gln349*	no	All ancestral	1	50	1	H1896_02399_btuB_8
a-t2-3-d16	HAMBI_1896	2779720	HAMBI_1896_chrm01_circ	H1896_02399	Vitamin B12 transporter BtuB	btuB_8	0.556	frameshift_variant	INDEL	74	p.Ile19fs	HAMBI_1896_chrm01_circ_H1896_02399_p.Ile19fs	no	All ancestral	3	50	1	H1896_02399_btuB_8
a-t3-1-d16	HAMBI_1896	474272	HAMBI_1896_chrm01_circ	H1896_00406	UDP-3-O-acyl-N-acetylglucosamine deacetylase	lpxC	0.584	missense_variant	SNP	95	p.Asp344Gly	HAMBI_1896_chrm01_circ_H1896_00406_p.Asp344Gly	no	All ancestral	1	500	1	H1896_00406_lpxC
a-t3-1-d16	HAMBI_1896	474413	HAMBI_1896_chrm01_circ	H1896_00406	UDP-3-O-acyl-N-acetylglucosamine deacetylase	lpxC	0.47	missense_variant	SNP	118	p.Gly391Glu	HAMBI_1896_chrm01_circ_H1896_00406_p.Gly391Glu	no	All ancestral	1	500	1	H1896_00406_lpxC
a-t3-3-d16	HAMBI_1896	474253	HAMBI_1896_chrm01_circ	H1896_00406	UDP-3-O-acyl-N-acetylglucosamine deacetylase	lpxC	0.657	stop_gained	SNP	142	p.Gln338*	HAMBI_1896_chrm01_circ_H1896_00406_p.Gln338*	no	All ancestral	3	500	1	H1896_00406_lpxC
a-t3-3-d16	HAMBI_1896	474322	HAMBI_1896_chrm01_circ	H1896_00406	UDP-3-O-acyl-N-acetylglucosamine deacetylase	lpxC	0.066	missense_variant	SNP	175	p.Thr361Ala	HAMBI_1896_chrm01_circ_H1896_00406_p.Thr361Ala	no	All ancestral	3	500	1	H1896_00406_lpxC
a-t3-3-d16	HAMBI_1896	474365	HAMBI_1896_chrm01_circ	H1896_00406	UDP-3-O-acyl-N-acetylglucosamine deacetylase	lpxC	0.23	missense_variant	SNP	140	p.Pro375Leu	HAMBI_1896_chrm01_circ_H1896_00406_p.Pro375Leu	no	All ancestral	3	500	1	H1896_00406_lpxC
d-t1-3-d16	HAMBI_1896	474272	HAMBI_1896_chrm01_circ	H1896_00406	UDP-3-O-acyl-N-acetylglucosamine deacetylase	lpxC	0.259	missense_variant	SNP	75	p.Asp344Gly	HAMBI_1896_chrm01_circ_H1896_00406_p.Asp344Gly	no	Pre-exposed 1972	3	5	1	H1896_00406_lpxC
d-t1-3-d16	HAMBI_1896	2779720	HAMBI_1896_chrm01_circ	H1896_02399	Vitamin B12 transporter BtuB	btuB_8	0.124	frameshift_variant	INDEL	78	p.Ile19fs	HAMBI_1896_chrm01_circ_H1896_02399_p.Ile19fs	no	Pre-exposed 1972	3	5	1	H1896_02399_btuB_8
d-t2-1-d16	HAMBI_1896	225764	HAMBI_1896_chrm01_circ	H1896_00205	ATP-dependent 6-phosphofructokinase 1	pfkA_1	0.378	missense_variant	SNP	46	p.Gln256Lys	HAMBI_1896_chrm01_circ_H1896_00205_p.Gln256Lys	no	Pre-exposed 1972	1	50	1	H1896_00205_pfkA_1
d-t2-1-d16	HAMBI_1896	2779720	HAMBI_1896_chrm01_circ	H1896_02399	Vitamin B12 transporter BtuB	btuB_8	0.785	frameshift_variant	INDEL	42	p.Ile19fs	HAMBI_1896_chrm01_circ_H1896_02399_p.Ile19fs	no	Pre-exposed 1972	1	50	1	H1896_02399_btuB_8
d-t2-3-d16	HAMBI_1896	474611	HAMBI_1896_chrm01_circ	H1896_00406	UDP-3-O-acyl-N-acetylglucosamine deacetylase	lpxC	0.363	missense_variant	SNP	39	p.Ala457Val	HAMBI_1896_chrm01_circ_H1896_00406_p.Ala457Val	no	Pre-exposed 1972	3	50	1	H1896_00406_lpxC
d-t3-1-d16	HAMBI_1896	225630	HAMBI_1896_chrm01_circ	H1896_00205	ATP-dependent 6-phosphofructokinase 1	pfkA_1	0.594	frameshift_variant	INDEL	58	p.Phe301fs	HAMBI_1896_chrm01_circ_H1896_00205_p.Phe301fs	no	Pre-exposed 1972	1	500	1	H1896_00205_pfkA_1
d-t3-3-d16	HAMBI_1896	474365	HAMBI_1896_chrm01_circ	H1896_00406	UDP-3-O-acyl-N-acetylglucosamine deacetylase	lpxC	0.979	missense_variant	SNP	118	p.Pro375Leu	HAMBI_1896_chrm01_circ_H1896_00406_p.Pro375Leu	no	Pre-exposed 1972	3	500	1	H1896_00406_lpxC
e-t1-1-d16	HAMBI_1896	2782706	HAMBI_1896_chrm01_circ	H1896_02400	hypothetical protein	NA	0.08	missense_variant	SNP	57	p.Thr188Pro	HAMBI_1896_chrm01_circ_H1896_02400_p.Thr188Pro	no	Pre-exposed 1977	1	5	1	H1896_02400_NA
e-t1-3-d16	HAMBI_1896	2779720	HAMBI_1896_chrm01_circ	H1896_02399	Vitamin B12 transporter BtuB	btuB_8	0.391	frameshift_variant	INDEL	40	p.Ile19fs	HAMBI_1896_chrm01_circ_H1896_02399_p.Ile19fs	no	Pre-exposed 1977	3	5	1	H1896_02399_btuB_8
e-t2-1-d16	HAMBI_1896	2779720	HAMBI_1896_chrm01_circ	H1896_02399	Vitamin B12 transporter BtuB	btuB_8	0.751	frameshift_variant	INDEL	51	p.Ile19fs	HAMBI_1896_chrm01_circ_H1896_02399_p.Ile19fs	no	Pre-exposed 1977	1	50	1	H1896_02399_btuB_8
e-t2-3-d16	HAMBI_1896	474253	HAMBI_1896_chrm01_circ	H1896_00406	UDP-3-O-acyl-N-acetylglucosamine deacetylase	lpxC	0.129	stop_gained	SNP	37	p.Gln338*	HAMBI_1896_chrm01_circ_H1896_00406_p.Gln338*	no	Pre-exposed 1977	3	50	1	H1896_00406_lpxC
e-t2-3-d16	HAMBI_1896	474365	HAMBI_1896_chrm01_circ	H1896_00406	UDP-3-O-acyl-N-acetylglucosamine deacetylase	lpxC	0.25	missense_variant	SNP	32	p.Pro375Leu	HAMBI_1896_chrm01_circ_H1896_00406_p.Pro375Leu	no	Pre-exposed 1977	3	50	1	H1896_00406_lpxC
e-t3-1-d16	HAMBI_1896	474322	HAMBI_1896_chrm01_circ	H1896_00406	UDP-3-O-acyl-N-acetylglucosamine deacetylase	lpxC	0.834	missense_variant	SNP	64	p.Thr361Ala	HAMBI_1896_chrm01_circ_H1896_00406_p.Thr361Ala	no	Pre-exposed 1977	1	500	1	H1896_00406_lpxC
e-t3-3-d16	HAMBI_1896	474243	HAMBI_1896_chrm01_circ	H1896_00406	UDP-3-O-acyl-N-acetylglucosamine deacetylase	lpxC	0.967	frameshift_variant	INDEL	40	p.His336fs	HAMBI_1896_chrm01_circ_H1896_00406_p.His336fs	no	Pre-exposed 1977	3	500	1	H1896_00406_lpxC
e-t4-1-d16	HAMBI_1896	474243	HAMBI_1896_chrm01_circ	H1896_00406	UDP-3-O-acyl-N-acetylglucosamine deacetylase	lpxC	0.1	frameshift_variant	INDEL	73	p.His336fs	HAMBI_1896_chrm01_circ_H1896_00406_p.His336fs	no	Pre-exposed 1977	1	0	1	H1896_00406_lpxC
f-t1-1-d16	HAMBI_1896	2779720	HAMBI_1896_chrm01_circ	H1896_02399	Vitamin B12 transporter BtuB	btuB_8	0.533	frameshift_variant	INDEL	160	p.Ile19fs	HAMBI_1896_chrm01_circ_H1896_02399_p.Ile19fs	no	All pre-exposed	1	5	1	H1896_02399_btuB_8
f-t1-3-d16	HAMBI_1896	2782875	HAMBI_1896_chrm01_circ	H1896_02400	hypothetical protein	NA	0.09	missense_variant	SNP	95	p.Tyr244Cys	HAMBI_1896_chrm01_circ_H1896_02400_p.Tyr244Cys	no	All pre-exposed	3	5	1	H1896_02400_NA
f-t2-1-d16	HAMBI_1896	2779720	HAMBI_1896_chrm01_circ	H1896_02399	Vitamin B12 transporter BtuB	btuB_8	0.733	frameshift_variant	INDEL	128	p.Ile19fs	HAMBI_1896_chrm01_circ_H1896_02399_p.Ile19fs	no	All pre-exposed	1	50	1	H1896_02399_btuB_8
f-t2-3-d16	HAMBI_1896	2782706	HAMBI_1896_chrm01_circ	H1896_02400	hypothetical protein	NA	0.181	missense_variant	SNP	71	p.Thr188Pro	HAMBI_1896_chrm01_circ_H1896_02400_p.Thr188Pro	no	All pre-exposed	3	50	1	H1896_02400_NA
f-t2-3-d16	HAMBI_1896	2782920	HAMBI_1896_chrm01_circ	H1896_02400	hypothetical protein	NA	0.112	missense_variant	SNP	70	p.Gly259Val	HAMBI_1896_chrm01_circ_H1896_02400_p.Gly259Val	no	All pre-exposed	3	50	1	H1896_02400_NA
f-t3-1-d16	HAMBI_1896	2783039	HAMBI_1896_chrm01_circ	H1896_02400	hypothetical protein	NA	0.22	frameshift_variant	INDEL	71	p.Thr301fs	HAMBI_1896_chrm01_circ_H1896_02400_p.Thr301fs	no	All pre-exposed	1	500	1	H1896_02400_NA
f-t3-3-d16	HAMBI_1896	2779720	HAMBI_1896_chrm01_circ	H1896_02399	Vitamin B12 transporter BtuB	btuB_8	0.592	frameshift_variant	INDEL	100	p.Ile19fs	HAMBI_1896_chrm01_circ_H1896_02399_p.Ile19fs	no	All pre-exposed	3	500	1	H1896_02399_btuB_8
f-t4-1-d16	HAMBI_1896	2781204	HAMBI_1896_chrm01_circ	H1896_02399	Vitamin B12 transporter BtuB	btuB_8	0.75	frameshift_variant	INDEL	94	p.Lys514fs	HAMBI_1896_chrm01_circ_H1896_02399_p.Lys514fs	no	All pre-exposed	1	0	1	H1896_02399_btuB_8
f-t4-3-d16	HAMBI_1896	2780768	HAMBI_1896_chrm01_circ	H1896_02399	Vitamin B12 transporter BtuB	btuB_8	0.819	disruptive_inframe_deletion	INDEL	125	p.Phe367del	HAMBI_1896_chrm01_circ_H1896_02399_p.Phe367del	no	All pre-exposed	3	0	1	H1896_02399_btuB_8
a-t1-4-d16	HAMBI_1896	474322	HAMBI_1896_chrm01_circ	H1896_00406	UDP-3-O-acyl-N-acetylglucosamine deacetylase	lpxC	0.051	missense_variant	SNP	101	p.Thr361Ala	HAMBI_1896_chrm01_circ_H1896_00406_p.Thr361Ala	no	All ancestral	4	5	1	H1896_00406_lpxC
a-t1-4-d16	HAMBI_1896	2779720	HAMBI_1896_chrm01_circ	H1896_02399	Vitamin B12 transporter BtuB	btuB_8	0.619	frameshift_variant	INDEL	113	p.Ile19fs	HAMBI_1896_chrm01_circ_H1896_02399_p.Ile19fs	no	All ancestral	4	5	1	H1896_02399_btuB_8
a-t2-4-d16	HAMBI_1896	2782920	HAMBI_1896_chrm01_circ	H1896_02400	hypothetical protein	NA	0.328	missense_variant	SNP	44	p.Gly259Val	HAMBI_1896_chrm01_circ_H1896_02400_p.Gly259Val	no	All ancestral	4	50	1	H1896_02400_NA
a-t3-2-d16	HAMBI_1896	2417554	HAMBI_1896_chrm01_circ	H1896_02077	3-oxoacyl-[acyl-carrier-protein] reductase FabG	fabG_1	0.476	stop_lost&splice_region_variant	SNP	48	p.Ter248Glnext*?	HAMBI_1896_chrm01_circ_H1896_02077_p.Ter248Glnext*?	no	All ancestral	2	500	1	H1896_02077_fabG_1
d-t1-2-d16	HAMBI_1896	474243	HAMBI_1896_chrm01_circ	H1896_00406	UDP-3-O-acyl-N-acetylglucosamine deacetylase	lpxC	0.109	frameshift_variant	INDEL	52	p.His336fs	HAMBI_1896_chrm01_circ_H1896_00406_p.His336fs	no	Pre-exposed 1972	2	5	1	H1896_00406_lpxC
d-t1-2-d16	HAMBI_1896	2779720	HAMBI_1896_chrm01_circ	H1896_02399	Vitamin B12 transporter BtuB	btuB_8	0.142	frameshift_variant	INDEL	62	p.Ile19fs	HAMBI_1896_chrm01_circ_H1896_02399_p.Ile19fs	no	Pre-exposed 1972	2	5	1	H1896_02399_btuB_8
d-t1-4-d16	HAMBI_1896	2782875	HAMBI_1896_chrm01_circ	H1896_02400	hypothetical protein	NA	0.161	missense_variant	SNP	74	p.Tyr244Cys	HAMBI_1896_chrm01_circ_H1896_02400_p.Tyr244Cys	no	Pre-exposed 1972	4	5	1	H1896_02400_NA
d-t2-2-d16	HAMBI_1896	2782875	HAMBI_1896_chrm01_circ	H1896_02400	hypothetical protein	NA	0.506	missense_variant	SNP	22	p.Tyr244Cys	HAMBI_1896_chrm01_circ_H1896_02400_p.Tyr244Cys	no	Pre-exposed 1972	2	50	1	H1896_02400_NA
d-t2-4-d16	HAMBI_1896	2782887	HAMBI_1896_chrm01_circ	H1896_02400	hypothetical protein	NA	0.684	missense_variant	SNP	39	p.Gly248Glu	HAMBI_1896_chrm01_circ_H1896_02400_p.Gly248Glu	no	Pre-exposed 1972	4	50	1	H1896_02400_NA
d-t3-2-d16	HAMBI_1896	1211044	HAMBI_1896_chrm01_circ	H1896_01034	hypothetical protein	NA	0.56	missense_variant	SNP	89	p.Asn275Ser	HAMBI_1896_chrm01_circ_H1896_01034_p.Asn275Ser	no	Pre-exposed 1972	2	500	1	H1896_01034_NA
d-t3-4-d16	HAMBI_1896	474248	HAMBI_1896_chrm01_circ	H1896_00406	UDP-3-O-acyl-N-acetylglucosamine deacetylase	lpxC	0.5	missense_variant	SNP	105	p.His336Arg	HAMBI_1896_chrm01_circ_H1896_00406_p.His336Arg	no	Pre-exposed 1972	4	500	1	H1896_00406_lpxC
d-t3-4-d16	HAMBI_1896	474575	HAMBI_1896_chrm01_circ	H1896_00406	UDP-3-O-acyl-N-acetylglucosamine deacetylase	lpxC	0.53	missense_variant	SNP	106	p.Gly445Asp	HAMBI_1896_chrm01_circ_H1896_00406_p.Gly445Asp	no	Pre-exposed 1972	4	500	1	H1896_00406_lpxC
e-t1-4-d16	HAMBI_1896	2779720	HAMBI_1896_chrm01_circ	H1896_02399	Vitamin B12 transporter BtuB	btuB_8	0.276	frameshift_variant	INDEL	19	p.Ile19fs	HAMBI_1896_chrm01_circ_H1896_02399_p.Ile19fs	no	Pre-exposed 1977	4	5	1	H1896_02399_btuB_8
e-t2-4-d16	HAMBI_1896	2779720	HAMBI_1896_chrm01_circ	H1896_02399	Vitamin B12 transporter BtuB	btuB_8	0.578	frameshift_variant	INDEL	19	p.Ile19fs	HAMBI_1896_chrm01_circ_H1896_02399_p.Ile19fs	no	Pre-exposed 1977	4	50	1	H1896_02399_btuB_8
e-t3-2-d16	HAMBI_1896	474604	HAMBI_1896_chrm01_circ	H1896_00406	UDP-3-O-acyl-N-acetylglucosamine deacetylase	lpxC	0.818	missense_variant	SNP	70	p.Ser455Gly	HAMBI_1896_chrm01_circ_H1896_00406_p.Ser455Gly	no	Pre-exposed 1977	2	500	1	H1896_00406_lpxC
e-t3-4-d16	HAMBI_1896	1210773	HAMBI_1896_chrm01_circ	H1896_01034	hypothetical protein	NA	0.333	missense_variant	SNP	35	p.Tyr185His	HAMBI_1896_chrm01_circ_H1896_01034_p.Tyr185His	no	Pre-exposed 1977	4	500	1	H1896_01034_NA
f-t1-2-d16	HAMBI_1896	2782706	HAMBI_1896_chrm01_circ	H1896_02400	hypothetical protein	NA	0.909	missense_variant	SNP	133	p.Thr188Pro	HAMBI_1896_chrm01_circ_H1896_02400_p.Thr188Pro	no	All pre-exposed	2	5	1	H1896_02400_NA
f-t2-2-d16	HAMBI_1896	2783039	HAMBI_1896_chrm01_circ	H1896_02400	hypothetical protein	NA	0.716	frameshift_variant	INDEL	80	p.Thr301fs	HAMBI_1896_chrm01_circ_H1896_02400_p.Thr301fs	no	All pre-exposed	2	50	1	H1896_02400_NA
f-t2-4-d16	HAMBI_1896	2783039	HAMBI_1896_chrm01_circ	H1896_02400	hypothetical protein	NA	0.741	frameshift_variant	INDEL	134	p.Thr301fs	HAMBI_1896_chrm01_circ_H1896_02400_p.Thr301fs	no	All pre-exposed	4	50	1	H1896_02400_NA
f-t3-2-d16	HAMBI_1896	2782698	HAMBI_1896_chrm01_circ	H1896_02400	hypothetical protein	NA	0.949	missense_variant	SNP	94	p.Thr185Lys	HAMBI_1896_chrm01_circ_H1896_02400_p.Thr185Lys	no	All pre-exposed	2	500	1	H1896_02400_NA
f-t3-4-d16	HAMBI_1896	2779720	HAMBI_1896_chrm01_circ	H1896_02399	Vitamin B12 transporter BtuB	btuB_8	0.883	frameshift_variant	INDEL	77	p.Ile19fs	HAMBI_1896_chrm01_circ_H1896_02399_p.Ile19fs	no	All pre-exposed	4	500	1	H1896_02399_btuB_8
f-t4-2-d16	HAMBI_1896	2783039	HAMBI_1896_chrm01_circ	H1896_02400	hypothetical protein	NA	0.674	frameshift_variant	INDEL	60	p.Thr301fs	HAMBI_1896_chrm01_circ_H1896_02400_p.Thr301fs	no	All pre-exposed	2	0	1	H1896_02400_NA
f-t4-4-d16	HAMBI_1896	2780069	HAMBI_1896_chrm01_circ	H1896_02399	Vitamin B12 transporter BtuB	btuB_8	0.464	stop_gained	SNP	126	p.Gln133*	HAMBI_1896_chrm01_circ_H1896_02399_p.Gln133*	no	All pre-exposed	4	0	1	H1896_02399_btuB_8
d-t4-3-d16	HAMBI_1896	474248	HAMBI_1896_chrm01_circ	H1896_00406	UDP-3-O-acyl-N-acetylglucosamine deacetylase	lpxC	0.108	missense_variant	SNP	50	p.His336Arg	HAMBI_1896_chrm01_circ_H1896_00406_p.His336Arg	no	Pre-exposed 1972	3	0	1	H1896_00406_lpxC
d-t1-1-d16	HAMBI_1972	463878	HAMBI_1972_chrm01_circ	H1972_00439	Peptidoglycan D%2CD-transpeptidase FtsI	ftsI	0.999	missense_variant	SNP	1203	p.Gly537Val	HAMBI_1972_chrm01_circ_H1972_00439_p.Gly537Val	yes	Pre-exposed 1972	1	5	1	H1972_00439_ftsI
d-t1-1-d16	HAMBI_1972	1324734	HAMBI_1972_chrm01_circ	H1972_01245	putative L%2CD-transpeptidase ErfK/SrfK	erfK	0.997	missense_variant	SNP	1032	p.Thr229Pro	HAMBI_1972_chrm01_circ_H1972_01245_p.Thr229Pro	yes	Pre-exposed 1972	1	5	1	H1972_01245_erfK
d-t1-1-d16	HAMBI_1972	3266543	HAMBI_1972_chrm01_circ	H1972_02954	hypothetical protein	NA	0.999	stop_gained	SNP	1199	p.Gln581*	HAMBI_1972_chrm01_circ_H1972_02954_p.Gln581*	yes	Pre-exposed 1972	1	5	1	H1972_02954_NA
d-t1-3-d16	HAMBI_1972	463878	HAMBI_1972_chrm01_circ	H1972_00439	Peptidoglycan D%2CD-transpeptidase FtsI	ftsI	0.998	missense_variant	SNP	1266	p.Gly537Val	HAMBI_1972_chrm01_circ_H1972_00439_p.Gly537Val	yes	Pre-exposed 1972	3	5	1	H1972_00439_ftsI
d-t1-3-d16	HAMBI_1972	1324734	HAMBI_1972_chrm01_circ	H1972_01245	putative L%2CD-transpeptidase ErfK/SrfK	erfK	0.999	missense_variant	SNP	1140	p.Thr229Pro	HAMBI_1972_chrm01_circ_H1972_01245_p.Thr229Pro	yes	Pre-exposed 1972	3	5	1	H1972_01245_erfK
d-t1-3-d16	HAMBI_1972	3266543	HAMBI_1972_chrm01_circ	H1972_02954	hypothetical protein	NA	0.999	stop_gained	SNP	1332	p.Gln581*	HAMBI_1972_chrm01_circ_H1972_02954_p.Gln581*	yes	Pre-exposed 1972	3	5	1	H1972_02954_NA
d-t2-1-d16	HAMBI_1972	463878	HAMBI_1972_chrm01_circ	H1972_00439	Peptidoglycan D%2CD-transpeptidase FtsI	ftsI	0.999	missense_variant	SNP	1027	p.Gly537Val	HAMBI_1972_chrm01_circ_H1972_00439_p.Gly537Val	yes	Pre-exposed 1972	1	50	1	H1972_00439_ftsI
d-t2-1-d16	HAMBI_1972	1324734	HAMBI_1972_chrm01_circ	H1972_01245	putative L%2CD-transpeptidase ErfK/SrfK	erfK	0.999	missense_variant	SNP	893	p.Thr229Pro	HAMBI_1972_chrm01_circ_H1972_01245_p.Thr229Pro	yes	Pre-exposed 1972	1	50	1	H1972_01245_erfK
d-t2-1-d16	HAMBI_1972	3266543	HAMBI_1972_chrm01_circ	H1972_02954	hypothetical protein	NA	0.999	stop_gained	SNP	1073	p.Gln581*	HAMBI_1972_chrm01_circ_H1972_02954_p.Gln581*	yes	Pre-exposed 1972	1	50	1	H1972_02954_NA
d-t2-1-d16	HAMBI_1972	4282647	HAMBI_1972_chrm01_circ	H1972_03930	DNA-directed RNA polymerase subunit alpha	rpoA	0.999	missense_variant	MNP	877	p.Ala308His	HAMBI_1972_chrm01_circ_H1972_03930_p.Ala308His	yes	Pre-exposed 1972	1	50	1	H1972_03930_rpoA
d-t2-3-d16	HAMBI_1972	463878	HAMBI_1972_chrm01_circ	H1972_00439	Peptidoglycan D%2CD-transpeptidase FtsI	ftsI	0.999	missense_variant	SNP	911	p.Gly537Val	HAMBI_1972_chrm01_circ_H1972_00439_p.Gly537Val	yes	Pre-exposed 1972	3	50	1	H1972_00439_ftsI
d-t2-3-d16	HAMBI_1972	1324734	HAMBI_1972_chrm01_circ	H1972_01245	putative L%2CD-transpeptidase ErfK/SrfK	erfK	0.998	missense_variant	SNP	805	p.Thr229Pro	HAMBI_1972_chrm01_circ_H1972_01245_p.Thr229Pro	yes	Pre-exposed 1972	3	50	1	H1972_01245_erfK
d-t2-3-d16	HAMBI_1972	3266543	HAMBI_1972_chrm01_circ	H1972_02954	hypothetical protein	NA	0.999	stop_gained	SNP	935	p.Gln581*	HAMBI_1972_chrm01_circ_H1972_02954_p.Gln581*	yes	Pre-exposed 1972	3	50	1	H1972_02954_NA
d-t2-3-d16	HAMBI_1972	4282647	HAMBI_1972_chrm01_circ	H1972_03930	DNA-directed RNA polymerase subunit alpha	rpoA	0.998	missense_variant	MNP	830	p.Ala308His	HAMBI_1972_chrm01_circ_H1972_03930_p.Ala308His	yes	Pre-exposed 1972	3	50	1	H1972_03930_rpoA
d-t3-1-d16	HAMBI_1972	463878	HAMBI_1972_chrm01_circ	H1972_00439	Peptidoglycan D%2CD-transpeptidase FtsI	ftsI	0.999	missense_variant	SNP	1232	p.Gly537Val	HAMBI_1972_chrm01_circ_H1972_00439_p.Gly537Val	yes	Pre-exposed 1972	1	500	1	H1972_00439_ftsI
d-t3-1-d16	HAMBI_1972	1324734	HAMBI_1972_chrm01_circ	H1972_01245	putative L%2CD-transpeptidase ErfK/SrfK	erfK	0.999	missense_variant	SNP	1106	p.Thr229Pro	HAMBI_1972_chrm01_circ_H1972_01245_p.Thr229Pro	yes	Pre-exposed 1972	1	500	1	H1972_01245_erfK
d-t3-1-d16	HAMBI_1972	3266543	HAMBI_1972_chrm01_circ	H1972_02954	hypothetical protein	NA	0.999	stop_gained	SNP	1176	p.Gln581*	HAMBI_1972_chrm01_circ_H1972_02954_p.Gln581*	yes	Pre-exposed 1972	1	500	1	H1972_02954_NA
d-t3-3-d16	HAMBI_1972	463878	HAMBI_1972_chrm01_circ	H1972_00439	Peptidoglycan D%2CD-transpeptidase FtsI	ftsI	0.998	missense_variant	SNP	1227	p.Gly537Val	HAMBI_1972_chrm01_circ_H1972_00439_p.Gly537Val	yes	Pre-exposed 1972	3	500	1	H1972_00439_ftsI
d-t3-3-d16	HAMBI_1972	1324734	HAMBI_1972_chrm01_circ	H1972_01245	putative L%2CD-transpeptidase ErfK/SrfK	erfK	0.999	missense_variant	SNP	1105	p.Thr229Pro	HAMBI_1972_chrm01_circ_H1972_01245_p.Thr229Pro	yes	Pre-exposed 1972	3	500	1	H1972_01245_erfK
d-t3-3-d16	HAMBI_1972	3266543	HAMBI_1972_chrm01_circ	H1972_02954	hypothetical protein	NA	0.999	stop_gained	SNP	1183	p.Gln581*	HAMBI_1972_chrm01_circ_H1972_02954_p.Gln581*	yes	Pre-exposed 1972	3	500	1	H1972_02954_NA
d-t4-1-d16	HAMBI_1972	463878	HAMBI_1972_chrm01_circ	H1972_00439	Peptidoglycan D%2CD-transpeptidase FtsI	ftsI	0.999	missense_variant	SNP	1255	p.Gly537Val	HAMBI_1972_chrm01_circ_H1972_00439_p.Gly537Val	yes	Pre-exposed 1972	1	0	1	H1972_00439_ftsI
d-t4-1-d16	HAMBI_1972	1324734	HAMBI_1972_chrm01_circ	H1972_01245	putative L%2CD-transpeptidase ErfK/SrfK	erfK	0.999	missense_variant	SNP	1031	p.Thr229Pro	HAMBI_1972_chrm01_circ_H1972_01245_p.Thr229Pro	yes	Pre-exposed 1972	1	0	1	H1972_01245_erfK
d-t4-1-d16	HAMBI_1972	3266543	HAMBI_1972_chrm01_circ	H1972_02954	hypothetical protein	NA	0.999	stop_gained	SNP	1172	p.Gln581*	HAMBI_1972_chrm01_circ_H1972_02954_p.Gln581*	yes	Pre-exposed 1972	1	0	1	H1972_02954_NA
d-t4-1-d16	HAMBI_1972	4282647	HAMBI_1972_chrm01_circ	H1972_03930	DNA-directed RNA polymerase subunit alpha	rpoA	0.999	missense_variant	MNP	1151	p.Ala308His	HAMBI_1972_chrm01_circ_H1972_03930_p.Ala308His	yes	Pre-exposed 1972	1	0	1	H1972_03930_rpoA
f-t1-1-d16	HAMBI_1972	463878	HAMBI_1972_chrm01_circ	H1972_00439	Peptidoglycan D%2CD-transpeptidase FtsI	ftsI	0.999	missense_variant	SNP	1097	p.Gly537Val	HAMBI_1972_chrm01_circ_H1972_00439_p.Gly537Val	yes	All pre-exposed	1	5	1	H1972_00439_ftsI
f-t1-1-d16	HAMBI_1972	1324734	HAMBI_1972_chrm01_circ	H1972_01245	putative L%2CD-transpeptidase ErfK/SrfK	erfK	0.997	missense_variant	SNP	919	p.Thr229Pro	HAMBI_1972_chrm01_circ_H1972_01245_p.Thr229Pro	yes	All pre-exposed	1	5	1	H1972_01245_erfK
f-t1-1-d16	HAMBI_1972	3266543	HAMBI_1972_chrm01_circ	H1972_02954	hypothetical protein	NA	0.999	stop_gained	SNP	1009	p.Gln581*	HAMBI_1972_chrm01_circ_H1972_02954_p.Gln581*	yes	All pre-exposed	1	5	1	H1972_02954_NA
f-t1-3-d16	HAMBI_1972	463878	HAMBI_1972_chrm01_circ	H1972_00439	Peptidoglycan D%2CD-transpeptidase FtsI	ftsI	0.999	missense_variant	SNP	872	p.Gly537Val	HAMBI_1972_chrm01_circ_H1972_00439_p.Gly537Val	yes	All pre-exposed	3	5	1	H1972_00439_ftsI
f-t1-3-d16	HAMBI_1972	1324734	HAMBI_1972_chrm01_circ	H1972_01245	putative L%2CD-transpeptidase ErfK/SrfK	erfK	0.999	missense_variant	SNP	871	p.Thr229Pro	HAMBI_1972_chrm01_circ_H1972_01245_p.Thr229Pro	yes	All pre-exposed	3	5	1	H1972_01245_erfK
f-t1-3-d16	HAMBI_1972	3266543	HAMBI_1972_chrm01_circ	H1972_02954	hypothetical protein	NA	0.999	stop_gained	SNP	1003	p.Gln581*	HAMBI_1972_chrm01_circ_H1972_02954_p.Gln581*	yes	All pre-exposed	3	5	1	H1972_02954_NA
f-t1-3-d16	HAMBI_1972	4282647	HAMBI_1972_chrm01_circ	H1972_03930	DNA-directed RNA polymerase subunit alpha	rpoA	0.998	missense_variant	MNP	792	p.Ala308His	HAMBI_1972_chrm01_circ_H1972_03930_p.Ala308His	yes	All pre-exposed	3	5	1	H1972_03930_rpoA
f-t2-1-d16	HAMBI_1972	463878	HAMBI_1972_chrm01_circ	H1972_00439	Peptidoglycan D%2CD-transpeptidase FtsI	ftsI	0.998	missense_variant	SNP	813	p.Gly537Val	HAMBI_1972_chrm01_circ_H1972_00439_p.Gly537Val	yes	All pre-exposed	1	50	1	H1972_00439_ftsI
f-t2-1-d16	HAMBI_1972	1324734	HAMBI_1972_chrm01_circ	H1972_01245	putative L%2CD-transpeptidase ErfK/SrfK	erfK	0.998	missense_variant	SNP	724	p.Thr229Pro	HAMBI_1972_chrm01_circ_H1972_01245_p.Thr229Pro	yes	All pre-exposed	1	50	1	H1972_01245_erfK
f-t2-1-d16	HAMBI_1972	3266543	HAMBI_1972_chrm01_circ	H1972_02954	hypothetical protein	NA	0.998	stop_gained	SNP	768	p.Gln581*	HAMBI_1972_chrm01_circ_H1972_02954_p.Gln581*	yes	All pre-exposed	1	50	1	H1972_02954_NA
f-t2-3-d16	HAMBI_1972	463878	HAMBI_1972_chrm01_circ	H1972_00439	Peptidoglycan D%2CD-transpeptidase FtsI	ftsI	0.998	missense_variant	SNP	883	p.Gly537Val	HAMBI_1972_chrm01_circ_H1972_00439_p.Gly537Val	yes	All pre-exposed	3	50	1	H1972_00439_ftsI
f-t2-3-d16	HAMBI_1972	1324734	HAMBI_1972_chrm01_circ	H1972_01245	putative L%2CD-transpeptidase ErfK/SrfK	erfK	0.997	missense_variant	SNP	722	p.Thr229Pro	HAMBI_1972_chrm01_circ_H1972_01245_p.Thr229Pro	yes	All pre-exposed	3	50	1	H1972_01245_erfK
f-t2-3-d16	HAMBI_1972	3266543	HAMBI_1972_chrm01_circ	H1972_02954	hypothetical protein	NA	0.998	stop_gained	SNP	816	p.Gln581*	HAMBI_1972_chrm01_circ_H1972_02954_p.Gln581*	yes	All pre-exposed	3	50	1	H1972_02954_NA
f-t2-3-d16	HAMBI_1972	4282647	HAMBI_1972_chrm01_circ	H1972_03930	DNA-directed RNA polymerase subunit alpha	rpoA	0.998	missense_variant	MNP	724	p.Ala308His	HAMBI_1972_chrm01_circ_H1972_03930_p.Ala308His	yes	All pre-exposed	3	50	1	H1972_03930_rpoA
f-t3-1-d16	HAMBI_1972	463878	HAMBI_1972_chrm01_circ	H1972_00439	Peptidoglycan D%2CD-transpeptidase FtsI	ftsI	0.998	missense_variant	SNP	853	p.Gly537Val	HAMBI_1972_chrm01_circ_H1972_00439_p.Gly537Val	yes	All pre-exposed	1	500	1	H1972_00439_ftsI
f-t3-1-d16	HAMBI_1972	1324734	HAMBI_1972_chrm01_circ	H1972_01245	putative L%2CD-transpeptidase ErfK/SrfK	erfK	0.998	missense_variant	SNP	716	p.Thr229Pro	HAMBI_1972_chrm01_circ_H1972_01245_p.Thr229Pro	yes	All pre-exposed	1	500	1	H1972_01245_erfK
f-t3-1-d16	HAMBI_1972	3266543	HAMBI_1972_chrm01_circ	H1972_02954	hypothetical protein	NA	0.998	stop_gained	SNP	759	p.Gln581*	HAMBI_1972_chrm01_circ_H1972_02954_p.Gln581*	yes	All pre-exposed	1	500	1	H1972_02954_NA
f-t3-3-d16	HAMBI_1972	463878	HAMBI_1972_chrm01_circ	H1972_00439	Peptidoglycan D%2CD-transpeptidase FtsI	ftsI	0.999	missense_variant	SNP	848	p.Gly537Val	HAMBI_1972_chrm01_circ_H1972_00439_p.Gly537Val	yes	All pre-exposed	3	500	1	H1972_00439_ftsI
f-t3-3-d16	HAMBI_1972	1324734	HAMBI_1972_chrm01_circ	H1972_01245	putative L%2CD-transpeptidase ErfK/SrfK	erfK	0.998	missense_variant	SNP	684	p.Thr229Pro	HAMBI_1972_chrm01_circ_H1972_01245_p.Thr229Pro	yes	All pre-exposed	3	500	1	H1972_01245_erfK
f-t3-3-d16	HAMBI_1972	3266543	HAMBI_1972_chrm01_circ	H1972_02954	hypothetical protein	NA	0.998	stop_gained	SNP	781	p.Gln581*	HAMBI_1972_chrm01_circ_H1972_02954_p.Gln581*	yes	All pre-exposed	3	500	1	H1972_02954_NA
f-t3-3-d16	HAMBI_1972	4282647	HAMBI_1972_chrm01_circ	H1972_03930	DNA-directed RNA polymerase subunit alpha	rpoA	0.998	missense_variant	MNP	739	p.Ala308His	HAMBI_1972_chrm01_circ_H1972_03930_p.Ala308His	yes	All pre-exposed	3	500	1	H1972_03930_rpoA
f-t4-1-d16	HAMBI_1972	463878	HAMBI_1972_chrm01_circ	H1972_00439	Peptidoglycan D%2CD-transpeptidase FtsI	ftsI	0.998	missense_variant	SNP	851	p.Gly537Val	HAMBI_1972_chrm01_circ_H1972_00439_p.Gly537Val	yes	All pre-exposed	1	0	1	H1972_00439_ftsI
f-t4-1-d16	HAMBI_1972	1324734	HAMBI_1972_chrm01_circ	H1972_01245	putative L%2CD-transpeptidase ErfK/SrfK	erfK	0.998	missense_variant	SNP	747	p.Thr229Pro	HAMBI_1972_chrm01_circ_H1972_01245_p.Thr229Pro	yes	All pre-exposed	1	0	1	H1972_01245_erfK
f-t4-1-d16	HAMBI_1972	3266543	HAMBI_1972_chrm01_circ	H1972_02954	hypothetical protein	NA	0.998	stop_gained	SNP	869	p.Gln581*	HAMBI_1972_chrm01_circ_H1972_02954_p.Gln581*	yes	All pre-exposed	1	0	1	H1972_02954_NA
f-t4-3-d16	HAMBI_1972	463878	HAMBI_1972_chrm01_circ	H1972_00439	Peptidoglycan D%2CD-transpeptidase FtsI	ftsI	0.999	missense_variant	SNP	951	p.Gly537Val	HAMBI_1972_chrm01_circ_H1972_00439_p.Gly537Val	yes	All pre-exposed	3	0	1	H1972_00439_ftsI
f-t4-3-d16	HAMBI_1972	1324734	HAMBI_1972_chrm01_circ	H1972_01245	putative L%2CD-transpeptidase ErfK/SrfK	erfK	0.998	missense_variant	SNP	797	p.Thr229Pro	HAMBI_1972_chrm01_circ_H1972_01245_p.Thr229Pro	yes	All pre-exposed	3	0	1	H1972_01245_erfK
f-t4-3-d16	HAMBI_1972	3266543	HAMBI_1972_chrm01_circ	H1972_02954	hypothetical protein	NA	0.999	stop_gained	SNP	934	p.Gln581*	HAMBI_1972_chrm01_circ_H1972_02954_p.Gln581*	yes	All pre-exposed	3	0	1	H1972_02954_NA
f-t4-3-d16	HAMBI_1972	4282647	HAMBI_1972_chrm01_circ	H1972_03930	DNA-directed RNA polymerase subunit alpha	rpoA	0.999	missense_variant	MNP	850	p.Ala308His	HAMBI_1972_chrm01_circ_H1972_03930_p.Ala308His	yes	All pre-exposed	3	0	1	H1972_03930_rpoA
d-t1-2-d16	HAMBI_1972	463878	HAMBI_1972_chrm01_circ	H1972_00439	Peptidoglycan D%2CD-transpeptidase FtsI	ftsI	0.994	missense_variant	SNP	1631	p.Gly537Val	HAMBI_1972_chrm01_circ_H1972_00439_p.Gly537Val	yes	Pre-exposed 1972	2	5	1	H1972_00439_ftsI
d-t1-2-d16	HAMBI_1972	1324734	HAMBI_1972_chrm01_circ	H1972_01245	putative L%2CD-transpeptidase ErfK/SrfK	erfK	0.995	missense_variant	SNP	1360	p.Thr229Pro	HAMBI_1972_chrm01_circ_H1972_01245_p.Thr229Pro	yes	Pre-exposed 1972	2	5	1	H1972_01245_erfK
d-t1-2-d16	HAMBI_1972	3266543	HAMBI_1972_chrm01_circ	H1972_02954	hypothetical protein	NA	0.995	stop_gained	SNP	1491	p.Gln581*	HAMBI_1972_chrm01_circ_H1972_02954_p.Gln581*	yes	Pre-exposed 1972	2	5	1	H1972_02954_NA
d-t1-4-d16	HAMBI_1972	463878	HAMBI_1972_chrm01_circ	H1972_00439	Peptidoglycan D%2CD-transpeptidase FtsI	ftsI	0.999	missense_variant	SNP	1182	p.Gly537Val	HAMBI_1972_chrm01_circ_H1972_00439_p.Gly537Val	yes	Pre-exposed 1972	4	5	1	H1972_00439_ftsI
d-t1-4-d16	HAMBI_1972	1324734	HAMBI_1972_chrm01_circ	H1972_01245	putative L%2CD-transpeptidase ErfK/SrfK	erfK	0.999	missense_variant	SNP	1040	p.Thr229Pro	HAMBI_1972_chrm01_circ_H1972_01245_p.Thr229Pro	yes	Pre-exposed 1972	4	5	1	H1972_01245_erfK
d-t1-4-d16	HAMBI_1972	3266543	HAMBI_1972_chrm01_circ	H1972_02954	hypothetical protein	NA	0.999	stop_gained	SNP	1235	p.Gln581*	HAMBI_1972_chrm01_circ_H1972_02954_p.Gln581*	yes	Pre-exposed 1972	4	5	1	H1972_02954_NA
d-t2-2-d16	HAMBI_1972	463878	HAMBI_1972_chrm01_circ	H1972_00439	Peptidoglycan D%2CD-transpeptidase FtsI	ftsI	0.999	missense_variant	SNP	890	p.Gly537Val	HAMBI_1972_chrm01_circ_H1972_00439_p.Gly537Val	yes	Pre-exposed 1972	2	50	1	H1972_00439_ftsI
d-t2-2-d16	HAMBI_1972	1324734	HAMBI_1972_chrm01_circ	H1972_01245	putative L%2CD-transpeptidase ErfK/SrfK	erfK	0.998	missense_variant	SNP	824	p.Thr229Pro	HAMBI_1972_chrm01_circ_H1972_01245_p.Thr229Pro	yes	Pre-exposed 1972	2	50	1	H1972_01245_erfK
d-t2-2-d16	HAMBI_1972	3266543	HAMBI_1972_chrm01_circ	H1972_02954	hypothetical protein	NA	0.998	stop_gained	SNP	825	p.Gln581*	HAMBI_1972_chrm01_circ_H1972_02954_p.Gln581*	yes	Pre-exposed 1972	2	50	1	H1972_02954_NA
d-t2-2-d16	HAMBI_1972	4282647	HAMBI_1972_chrm01_circ	H1972_03930	DNA-directed RNA polymerase subunit alpha	rpoA	0.998	missense_variant	MNP	803	p.Ala308His	HAMBI_1972_chrm01_circ_H1972_03930_p.Ala308His	yes	Pre-exposed 1972	2	50	1	H1972_03930_rpoA
d-t2-4-d16	HAMBI_1972	463878	HAMBI_1972_chrm01_circ	H1972_00439	Peptidoglycan D%2CD-transpeptidase FtsI	ftsI	0.999	missense_variant	SNP	927	p.Gly537Val	HAMBI_1972_chrm01_circ_H1972_00439_p.Gly537Val	yes	Pre-exposed 1972	4	50	1	H1972_00439_ftsI
d-t2-4-d16	HAMBI_1972	1324734	HAMBI_1972_chrm01_circ	H1972_01245	putative L%2CD-transpeptidase ErfK/SrfK	erfK	0.998	missense_variant	SNP	856	p.Thr229Pro	HAMBI_1972_chrm01_circ_H1972_01245_p.Thr229Pro	yes	Pre-exposed 1972	4	50	1	H1972_01245_erfK
d-t2-4-d16	HAMBI_1972	3266543	HAMBI_1972_chrm01_circ	H1972_02954	hypothetical protein	NA	0.999	stop_gained	SNP	974	p.Gln581*	HAMBI_1972_chrm01_circ_H1972_02954_p.Gln581*	yes	Pre-exposed 1972	4	50	1	H1972_02954_NA
d-t3-2-d16	HAMBI_1972	463878	HAMBI_1972_chrm01_circ	H1972_00439	Peptidoglycan D%2CD-transpeptidase FtsI	ftsI	0.998	missense_variant	SNP	1122	p.Gly537Val	HAMBI_1972_chrm01_circ_H1972_00439_p.Gly537Val	yes	Pre-exposed 1972	2	500	1	H1972_00439_ftsI
d-t3-2-d16	HAMBI_1972	1324734	HAMBI_1972_chrm01_circ	H1972_01245	putative L%2CD-transpeptidase ErfK/SrfK	erfK	0.999	missense_variant	SNP	947	p.Thr229Pro	HAMBI_1972_chrm01_circ_H1972_01245_p.Thr229Pro	yes	Pre-exposed 1972	2	500	1	H1972_01245_erfK
d-t3-2-d16	HAMBI_1972	3266543	HAMBI_1972_chrm01_circ	H1972_02954	hypothetical protein	NA	0.999	stop_gained	SNP	1035	p.Gln581*	HAMBI_1972_chrm01_circ_H1972_02954_p.Gln581*	yes	Pre-exposed 1972	2	500	1	H1972_02954_NA
d-t3-2-d16	HAMBI_1972	4282647	HAMBI_1972_chrm01_circ	H1972_03930	DNA-directed RNA polymerase subunit alpha	rpoA	0.999	missense_variant	MNP	881	p.Ala308His	HAMBI_1972_chrm01_circ_H1972_03930_p.Ala308His	yes	Pre-exposed 1972	2	500	1	H1972_03930_rpoA
d-t3-4-d16	HAMBI_1972	463878	HAMBI_1972_chrm01_circ	H1972_00439	Peptidoglycan D%2CD-transpeptidase FtsI	ftsI	0.999	missense_variant	SNP	1035	p.Gly537Val	HAMBI_1972_chrm01_circ_H1972_00439_p.Gly537Val	yes	Pre-exposed 1972	4	500	1	H1972_00439_ftsI
d-t3-4-d16	HAMBI_1972	1324734	HAMBI_1972_chrm01_circ	H1972_01245	putative L%2CD-transpeptidase ErfK/SrfK	erfK	0.999	missense_variant	SNP	880	p.Thr229Pro	HAMBI_1972_chrm01_circ_H1972_01245_p.Thr229Pro	yes	Pre-exposed 1972	4	500	1	H1972_01245_erfK
d-t3-4-d16	HAMBI_1972	3266543	HAMBI_1972_chrm01_circ	H1972_02954	hypothetical protein	NA	0.999	stop_gained	SNP	962	p.Gln581*	HAMBI_1972_chrm01_circ_H1972_02954_p.Gln581*	yes	Pre-exposed 1972	4	500	1	H1972_02954_NA
d-t3-4-d16	HAMBI_1972	4282647	HAMBI_1972_chrm01_circ	H1972_03930	DNA-directed RNA polymerase subunit alpha	rpoA	0.999	missense_variant	MNP	902	p.Ala308His	HAMBI_1972_chrm01_circ_H1972_03930_p.Ala308His	yes	Pre-exposed 1972	4	500	1	H1972_03930_rpoA
d-t4-2-d16	HAMBI_1972	463878	HAMBI_1972_chrm01_circ	H1972_00439	Peptidoglycan D%2CD-transpeptidase FtsI	ftsI	0.998	missense_variant	SNP	1275	p.Gly537Val	HAMBI_1972_chrm01_circ_H1972_00439_p.Gly537Val	yes	Pre-exposed 1972	2	0	1	H1972_00439_ftsI
d-t4-2-d16	HAMBI_1972	1324734	HAMBI_1972_chrm01_circ	H1972_01245	putative L%2CD-transpeptidase ErfK/SrfK	erfK	0.998	missense_variant	SNP	1118	p.Thr229Pro	HAMBI_1972_chrm01_circ_H1972_01245_p.Thr229Pro	yes	Pre-exposed 1972	2	0	1	H1972_01245_erfK
d-t4-2-d16	HAMBI_1972	3266543	HAMBI_1972_chrm01_circ	H1972_02954	hypothetical protein	NA	0.999	stop_gained	SNP	1176	p.Gln581*	HAMBI_1972_chrm01_circ_H1972_02954_p.Gln581*	yes	Pre-exposed 1972	2	0	1	H1972_02954_NA
d-t4-2-d16	HAMBI_1972	4282647	HAMBI_1972_chrm01_circ	H1972_03930	DNA-directed RNA polymerase subunit alpha	rpoA	0.999	missense_variant	MNP	1014	p.Ala308His	HAMBI_1972_chrm01_circ_H1972_03930_p.Ala308His	yes	Pre-exposed 1972	2	0	1	H1972_03930_rpoA
d-t4-4-d16	HAMBI_1972	463878	HAMBI_1972_chrm01_circ	H1972_00439	Peptidoglycan D%2CD-transpeptidase FtsI	ftsI	0.999	missense_variant	SNP	1602	p.Gly537Val	HAMBI_1972_chrm01_circ_H1972_00439_p.Gly537Val	yes	Pre-exposed 1972	4	0	1	H1972_00439_ftsI
d-t4-4-d16	HAMBI_1972	1324734	HAMBI_1972_chrm01_circ	H1972_01245	putative L%2CD-transpeptidase ErfK/SrfK	erfK	0.999	missense_variant	SNP	1373	p.Thr229Pro	HAMBI_1972_chrm01_circ_H1972_01245_p.Thr229Pro	yes	Pre-exposed 1972	4	0	1	H1972_01245_erfK
d-t4-4-d16	HAMBI_1972	3266543	HAMBI_1972_chrm01_circ	H1972_02954	hypothetical protein	NA	0.999	stop_gained	SNP	1600	p.Gln581*	HAMBI_1972_chrm01_circ_H1972_02954_p.Gln581*	yes	Pre-exposed 1972	4	0	1	H1972_02954_NA
d-t4-4-d16	HAMBI_1972	4282647	HAMBI_1972_chrm01_circ	H1972_03930	DNA-directed RNA polymerase subunit alpha	rpoA	0.999	missense_variant	MNP	1352	p.Ala308His	HAMBI_1972_chrm01_circ_H1972_03930_p.Ala308His	yes	Pre-exposed 1972	4	0	1	H1972_03930_rpoA
f-t1-2-d16	HAMBI_1972	463878	HAMBI_1972_chrm01_circ	H1972_00439	Peptidoglycan D%2CD-transpeptidase FtsI	ftsI	0.997	missense_variant	SNP	1085	p.Gly537Val	HAMBI_1972_chrm01_circ_H1972_00439_p.Gly537Val	yes	All pre-exposed	2	5	1	H1972_00439_ftsI
f-t1-2-d16	HAMBI_1972	1324734	HAMBI_1972_chrm01_circ	H1972_01245	putative L%2CD-transpeptidase ErfK/SrfK	erfK	0.999	missense_variant	SNP	921	p.Thr229Pro	HAMBI_1972_chrm01_circ_H1972_01245_p.Thr229Pro	yes	All pre-exposed	2	5	1	H1972_01245_erfK
f-t1-2-d16	HAMBI_1972	3266543	HAMBI_1972_chrm01_circ	H1972_02954	hypothetical protein	NA	0.997	stop_gained	SNP	985	p.Gln581*	HAMBI_1972_chrm01_circ_H1972_02954_p.Gln581*	yes	All pre-exposed	2	5	1	H1972_02954_NA
f-t1-4-d16	HAMBI_1972	463878	HAMBI_1972_chrm01_circ	H1972_00439	Peptidoglycan D%2CD-transpeptidase FtsI	ftsI	0.997	missense_variant	SNP	773	p.Gly537Val	HAMBI_1972_chrm01_circ_H1972_00439_p.Gly537Val	yes	All pre-exposed	4	5	1	H1972_00439_ftsI
f-t1-4-d16	HAMBI_1972	1324734	HAMBI_1972_chrm01_circ	H1972_01245	putative L%2CD-transpeptidase ErfK/SrfK	erfK	0.985	missense_variant	SNP	606	p.Thr229Pro	HAMBI_1972_chrm01_circ_H1972_01245_p.Thr229Pro	yes	All pre-exposed	4	5	1	H1972_01245_erfK
f-t1-4-d16	HAMBI_1972	3266543	HAMBI_1972_chrm01_circ	H1972_02954	hypothetical protein	NA	0.984	stop_gained	SNP	701	p.Gln581*	HAMBI_1972_chrm01_circ_H1972_02954_p.Gln581*	yes	All pre-exposed	4	5	1	H1972_02954_NA
f-t2-2-d16	HAMBI_1972	463878	HAMBI_1972_chrm01_circ	H1972_00439	Peptidoglycan D%2CD-transpeptidase FtsI	ftsI	0.994	missense_variant	SNP	779	p.Gly537Val	HAMBI_1972_chrm01_circ_H1972_00439_p.Gly537Val	yes	All pre-exposed	2	50	1	H1972_00439_ftsI
f-t2-2-d16	HAMBI_1972	1324734	HAMBI_1972_chrm01_circ	H1972_01245	putative L%2CD-transpeptidase ErfK/SrfK	erfK	0.996	missense_variant	SNP	660	p.Thr229Pro	HAMBI_1972_chrm01_circ_H1972_01245_p.Thr229Pro	yes	All pre-exposed	2	50	1	H1972_01245_erfK
f-t2-2-d16	HAMBI_1972	3266543	HAMBI_1972_chrm01_circ	H1972_02954	hypothetical protein	NA	0.991	stop_gained	SNP	744	p.Gln581*	HAMBI_1972_chrm01_circ_H1972_02954_p.Gln581*	yes	All pre-exposed	2	50	1	H1972_02954_NA
f-t2-4-d16	HAMBI_1972	463878	HAMBI_1972_chrm01_circ	H1972_00439	Peptidoglycan D%2CD-transpeptidase FtsI	ftsI	0.997	missense_variant	SNP	851	p.Gly537Val	HAMBI_1972_chrm01_circ_H1972_00439_p.Gly537Val	yes	All pre-exposed	4	50	1	H1972_00439_ftsI
f-t2-4-d16	HAMBI_1972	1324734	HAMBI_1972_chrm01_circ	H1972_01245	putative L%2CD-transpeptidase ErfK/SrfK	erfK	0.998	missense_variant	SNP	728	p.Thr229Pro	HAMBI_1972_chrm01_circ_H1972_01245_p.Thr229Pro	yes	All pre-exposed	4	50	1	H1972_01245_erfK
f-t2-4-d16	HAMBI_1972	3266543	HAMBI_1972_chrm01_circ	H1972_02954	hypothetical protein	NA	0.998	stop_gained	SNP	879	p.Gln581*	HAMBI_1972_chrm01_circ_H1972_02954_p.Gln581*	yes	All pre-exposed	4	50	1	H1972_02954_NA
f-t3-2-d16	HAMBI_1972	463878	HAMBI_1972_chrm01_circ	H1972_00439	Peptidoglycan D%2CD-transpeptidase FtsI	ftsI	0.998	missense_variant	SNP	532	p.Gly537Val	HAMBI_1972_chrm01_circ_H1972_00439_p.Gly537Val	yes	All pre-exposed	2	500	1	H1972_00439_ftsI
f-t3-2-d16	HAMBI_1972	1324734	HAMBI_1972_chrm01_circ	H1972_01245	putative L%2CD-transpeptidase ErfK/SrfK	erfK	0.997	missense_variant	SNP	442	p.Thr229Pro	HAMBI_1972_chrm01_circ_H1972_01245_p.Thr229Pro	yes	All pre-exposed	2	500	1	H1972_01245_erfK
f-t3-2-d16	HAMBI_1972	3266543	HAMBI_1972_chrm01_circ	H1972_02954	hypothetical protein	NA	0.998	stop_gained	SNP	580	p.Gln581*	HAMBI_1972_chrm01_circ_H1972_02954_p.Gln581*	yes	All pre-exposed	2	500	1	H1972_02954_NA
f-t3-2-d16	HAMBI_1972	4282647	HAMBI_1972_chrm01_circ	H1972_03930	DNA-directed RNA polymerase subunit alpha	rpoA	0.997	missense_variant	MNP	459	p.Ala308His	HAMBI_1972_chrm01_circ_H1972_03930_p.Ala308His	yes	All pre-exposed	2	500	1	H1972_03930_rpoA
f-t3-4-d16	HAMBI_1972	463878	HAMBI_1972_chrm01_circ	H1972_00439	Peptidoglycan D%2CD-transpeptidase FtsI	ftsI	0.998	missense_variant	SNP	751	p.Gly537Val	HAMBI_1972_chrm01_circ_H1972_00439_p.Gly537Val	yes	All pre-exposed	4	500	1	H1972_00439_ftsI
f-t3-4-d16	HAMBI_1972	1324734	HAMBI_1972_chrm01_circ	H1972_01245	putative L%2CD-transpeptidase ErfK/SrfK	erfK	0.998	missense_variant	SNP	649	p.Thr229Pro	HAMBI_1972_chrm01_circ_H1972_01245_p.Thr229Pro	yes	All pre-exposed	4	500	1	H1972_01245_erfK
f-t3-4-d16	HAMBI_1972	3266543	HAMBI_1972_chrm01_circ	H1972_02954	hypothetical protein	NA	0.998	stop_gained	SNP	726	p.Gln581*	HAMBI_1972_chrm01_circ_H1972_02954_p.Gln581*	yes	All pre-exposed	4	500	1	H1972_02954_NA
f-t4-2-d16	HAMBI_1972	463878	HAMBI_1972_chrm01_circ	H1972_00439	Peptidoglycan D%2CD-transpeptidase FtsI	ftsI	0.998	missense_variant	SNP	773	p.Gly537Val	HAMBI_1972_chrm01_circ_H1972_00439_p.Gly537Val	yes	All pre-exposed	2	0	1	H1972_00439_ftsI
f-t4-2-d16	HAMBI_1972	1324734	HAMBI_1972_chrm01_circ	H1972_01245	putative L%2CD-transpeptidase ErfK/SrfK	erfK	0.998	missense_variant	SNP	681	p.Thr229Pro	HAMBI_1972_chrm01_circ_H1972_01245_p.Thr229Pro	yes	All pre-exposed	2	0	1	H1972_01245_erfK
f-t4-2-d16	HAMBI_1972	3266543	HAMBI_1972_chrm01_circ	H1972_02954	hypothetical protein	NA	0.998	stop_gained	SNP	700	p.Gln581*	HAMBI_1972_chrm01_circ_H1972_02954_p.Gln581*	yes	All pre-exposed	2	0	1	H1972_02954_NA
CC	HAMBI_1972	1324734	HAMBI_1972_chrm01_circ	H1972_01245	putative L%2CD-transpeptidase ErfK/SrfK	erfK	0.175	missense_variant	SNP	17	p.Thr229Pro	HAMBI_1972_chrm01_circ_H1972_01245_p.Thr229Pro	yes	NA	NA	NA	1	H1972_01245_erfK
CC	HAMBI_1972	3266543	HAMBI_1972_chrm01_circ	H1972_02954	hypothetical protein	NA	0.179	stop_gained	SNP	35	p.Gln581*	HAMBI_1972_chrm01_circ_H1972_02954_p.Gln581*	yes	NA	NA	NA	1	H1972_02954_NA
CC	HAMBI_1972	4282647	HAMBI_1972_chrm01_circ	H1972_03930	DNA-directed RNA polymerase subunit alpha	rpoA	0.1	missense_variant	MNP	55	p.Ala308His	HAMBI_1972_chrm01_circ_H1972_03930_p.Ala308His	yes	NA	NA	NA	1	H1972_03930_rpoA
f-t4-4-d16	HAMBI_1972	463878	HAMBI_1972_chrm01_circ	H1972_00439	Peptidoglycan D%2CD-transpeptidase FtsI	ftsI	0.999	missense_variant	SNP	941	p.Gly537Val	HAMBI_1972_chrm01_circ_H1972_00439_p.Gly537Val	yes	All pre-exposed	4	0	1	H1972_00439_ftsI
f-t4-4-d16	HAMBI_1972	1324734	HAMBI_1972_chrm01_circ	H1972_01245	putative L%2CD-transpeptidase ErfK/SrfK	erfK	0.998	missense_variant	SNP	771	p.Thr229Pro	HAMBI_1972_chrm01_circ_H1972_01245_p.Thr229Pro	yes	All pre-exposed	4	0	1	H1972_01245_erfK
f-t4-4-d16	HAMBI_1972	3266543	HAMBI_1972_chrm01_circ	H1972_02954	hypothetical protein	NA	0.999	stop_gained	SNP	900	p.Gln581*	HAMBI_1972_chrm01_circ_H1972_02954_p.Gln581*	yes	All pre-exposed	4	0	1	H1972_02954_NA
d-t4-3-d16	HAMBI_1972	463878	HAMBI_1972_chrm01_circ	H1972_00439	Peptidoglycan D%2CD-transpeptidase FtsI	ftsI	0.999	missense_variant	SNP	1282	p.Gly537Val	HAMBI_1972_chrm01_circ_H1972_00439_p.Gly537Val	yes	Pre-exposed 1972	3	0	1	H1972_00439_ftsI
d-t4-3-d16	HAMBI_1972	1324734	HAMBI_1972_chrm01_circ	H1972_01245	putative L%2CD-transpeptidase ErfK/SrfK	erfK	0.999	missense_variant	SNP	1123	p.Thr229Pro	HAMBI_1972_chrm01_circ_H1972_01245_p.Thr229Pro	yes	Pre-exposed 1972	3	0	1	H1972_01245_erfK
d-t4-3-d16	HAMBI_1972	3266543	HAMBI_1972_chrm01_circ	H1972_02954	hypothetical protein	NA	0.999	stop_gained	SNP	1137	p.Gln581*	HAMBI_1972_chrm01_circ_H1972_02954_p.Gln581*	yes	Pre-exposed 1972	3	0	1	H1972_02954_NA
f-t1-1-d16	HAMBI_2160	975552	HAMBI_2160_chrm01_circ	H2160_00934	Cysteine--tRNA ligase	cysS	0.937	missense_variant	SNP	19	p.Arg307His	HAMBI_2160_chrm01_circ_H2160_00934_p.Arg307His	yes	All pre-exposed	1	5	1	H2160_00934_cysS
f-t1-1-d16	HAMBI_2160	1244853	HAMBI_2160_chrm01_circ	H2160_01181	hypothetical protein	NA	0.25	missense_variant	SNP	23	p.Lys333Glu	HAMBI_2160_chrm01_circ_H2160_01181_p.Lys333Glu	no	All pre-exposed	1	5	1	H2160_01181_NA
f-t1-3-d16	HAMBI_2160	975552	HAMBI_2160_chrm01_circ	H2160_00934	Cysteine--tRNA ligase	cysS	0.667	missense_variant	SNP	6	p.Arg307His	HAMBI_2160_chrm01_circ_H2160_00934_p.Arg307His	yes	All pre-exposed	3	5	1	H2160_00934_cysS
f-t1-3-d16	HAMBI_2160	1244853	HAMBI_2160_chrm01_circ	H2160_01181	hypothetical protein	NA	0.285	missense_variant	SNP	14	p.Lys333Glu	HAMBI_2160_chrm01_circ_H2160_01181_p.Lys333Glu	no	All pre-exposed	3	5	1	H2160_01181_NA
f-t2-1-d16	HAMBI_2160	975552	HAMBI_2160_chrm01_circ	H2160_00934	Cysteine--tRNA ligase	cysS	0.859	missense_variant	SNP	14	p.Arg307His	HAMBI_2160_chrm01_circ_H2160_00934_p.Arg307His	yes	All pre-exposed	1	50	1	H2160_00934_cysS
f-t2-3-d16	HAMBI_2160	975552	HAMBI_2160_chrm01_circ	H2160_00934	Cysteine--tRNA ligase	cysS	0.941	missense_variant	SNP	24	p.Arg307His	HAMBI_2160_chrm01_circ_H2160_00934_p.Arg307His	yes	All pre-exposed	3	50	1	H2160_00934_cysS
f-t2-3-d16	HAMBI_2160	1244853	HAMBI_2160_chrm01_circ	H2160_01181	hypothetical protein	NA	0.276	missense_variant	SNP	9	p.Lys333Glu	HAMBI_2160_chrm01_circ_H2160_01181_p.Lys333Glu	no	All pre-exposed	3	50	1	H2160_01181_NA
f-t3-1-d16	HAMBI_2160	975552	HAMBI_2160_chrm01_circ	H2160_00934	Cysteine--tRNA ligase	cysS	0.832	missense_variant	SNP	13	p.Arg307His	HAMBI_2160_chrm01_circ_H2160_00934_p.Arg307His	yes	All pre-exposed	1	500	1	H2160_00934_cysS
f-t3-1-d16	HAMBI_2160	1244853	HAMBI_2160_chrm01_circ	H2160_01181	hypothetical protein	NA	0.287	missense_variant	SNP	14	p.Lys333Glu	HAMBI_2160_chrm01_circ_H2160_01181_p.Lys333Glu	no	All pre-exposed	1	500	1	H2160_01181_NA
f-t3-3-d16	HAMBI_2160	975552	HAMBI_2160_chrm01_circ	H2160_00934	Cysteine--tRNA ligase	cysS	0.889	missense_variant	SNP	11	p.Arg307His	HAMBI_2160_chrm01_circ_H2160_00934_p.Arg307His	yes	All pre-exposed	3	500	1	H2160_00934_cysS
f-t3-3-d16	HAMBI_2160	1244853	HAMBI_2160_chrm01_circ	H2160_01181	hypothetical protein	NA	0.405	missense_variant	SNP	14	p.Lys333Glu	HAMBI_2160_chrm01_circ_H2160_01181_p.Lys333Glu	no	All pre-exposed	3	500	1	H2160_01181_NA
f-t4-1-d16	HAMBI_2160	975552	HAMBI_2160_chrm01_circ	H2160_00934	Cysteine--tRNA ligase	cysS	0.95	missense_variant	SNP	24	p.Arg307His	HAMBI_2160_chrm01_circ_H2160_00934_p.Arg307His	yes	All pre-exposed	1	0	1	H2160_00934_cysS
f-t4-3-d16	HAMBI_2160	975552	HAMBI_2160_chrm01_circ	H2160_00934	Cysteine--tRNA ligase	cysS	0.916	missense_variant	SNP	12	p.Arg307His	HAMBI_2160_chrm01_circ_H2160_00934_p.Arg307His	yes	All pre-exposed	3	0	1	H2160_00934_cysS
f-t4-3-d16	HAMBI_2160	1244853	HAMBI_2160_chrm01_circ	H2160_01181	hypothetical protein	NA	0.35	missense_variant	SNP	22	p.Lys333Glu	HAMBI_2160_chrm01_circ_H2160_01181_p.Lys333Glu	no	All pre-exposed	3	0	1	H2160_01181_NA
a-t4-2-d16	HAMBI_2160	955543	HAMBI_2160_chrm01_circ	H2160_00913	1-carboxybiuret hydrolase subunit AtzE	atzE	0.317	missense_variant	SNP	35	p.Ser58Arg	HAMBI_2160_chrm01_circ_H2160_00913_p.Ser58Arg	no	All ancestral	2	0	1	H2160_00913_atzE
e-t3-4-d16	HAMBI_2160	1244853	HAMBI_2160_chrm01_circ	H2160_01181	hypothetical protein	NA	0.353	missense_variant	SNP	67	p.Lys333Glu	HAMBI_2160_chrm01_circ_H2160_01181_p.Lys333Glu	no	Pre-exposed 1977	4	500	1	H2160_01181_NA
f-t1-2-d16	HAMBI_2160	975552	HAMBI_2160_chrm01_circ	H2160_00934	Cysteine--tRNA ligase	cysS	0.667	missense_variant	SNP	18	p.Arg307His	HAMBI_2160_chrm01_circ_H2160_00934_p.Arg307His	yes	All pre-exposed	2	5	1	H2160_00934_cysS
f-t1-2-d16	HAMBI_2160	1244853	HAMBI_2160_chrm01_circ	H2160_01181	hypothetical protein	NA	0.24	missense_variant	SNP	26	p.Lys333Glu	HAMBI_2160_chrm01_circ_H2160_01181_p.Lys333Glu	no	All pre-exposed	2	5	1	H2160_01181_NA
f-t1-4-d16	HAMBI_2160	975552	HAMBI_2160_chrm01_circ	H2160_00934	Cysteine--tRNA ligase	cysS	0.875	missense_variant	SNP	9	p.Arg307His	HAMBI_2160_chrm01_circ_H2160_00934_p.Arg307His	yes	All pre-exposed	4	5	1	H2160_00934_cysS
f-t1-4-d16	HAMBI_2160	1244853	HAMBI_2160_chrm01_circ	H2160_01181	hypothetical protein	NA	0.285	missense_variant	SNP	15	p.Lys333Glu	HAMBI_2160_chrm01_circ_H2160_01181_p.Lys333Glu	no	All pre-exposed	4	5	1	H2160_01181_NA
f-t2-2-d16	HAMBI_2160	975552	HAMBI_2160_chrm01_circ	H2160_00934	Cysteine--tRNA ligase	cysS	0.75	missense_variant	SNP	12	p.Arg307His	HAMBI_2160_chrm01_circ_H2160_00934_p.Arg307His	yes	All pre-exposed	2	50	1	H2160_00934_cysS
f-t2-2-d16	HAMBI_2160	1244853	HAMBI_2160_chrm01_circ	H2160_01181	hypothetical protein	NA	0.292	missense_variant	SNP	27	p.Lys333Glu	HAMBI_2160_chrm01_circ_H2160_01181_p.Lys333Glu	no	All pre-exposed	2	50	1	H2160_01181_NA
f-t2-4-d16	HAMBI_2160	975552	HAMBI_2160_chrm01_circ	H2160_00934	Cysteine--tRNA ligase	cysS	0.909	missense_variant	SNP	11	p.Arg307His	HAMBI_2160_chrm01_circ_H2160_00934_p.Arg307His	yes	All pre-exposed	4	50	1	H2160_00934_cysS
f-t3-2-d16	HAMBI_2160	975552	HAMBI_2160_chrm01_circ	H2160_00934	Cysteine--tRNA ligase	cysS	0.917	missense_variant	SNP	13	p.Arg307His	HAMBI_2160_chrm01_circ_H2160_00934_p.Arg307His	yes	All pre-exposed	2	500	1	H2160_00934_cysS
f-t3-2-d16	HAMBI_2160	1244853	HAMBI_2160_chrm01_circ	H2160_01181	hypothetical protein	NA	0.545	missense_variant	SNP	11	p.Lys333Glu	HAMBI_2160_chrm01_circ_H2160_01181_p.Lys333Glu	no	All pre-exposed	2	500	1	H2160_01181_NA
f-t3-4-d16	HAMBI_2160	975552	HAMBI_2160_chrm01_circ	H2160_00934	Cysteine--tRNA ligase	cysS	0.889	missense_variant	SNP	9	p.Arg307His	HAMBI_2160_chrm01_circ_H2160_00934_p.Arg307His	yes	All pre-exposed	4	500	1	H2160_00934_cysS
f-t4-2-d16	HAMBI_2160	975552	HAMBI_2160_chrm01_circ	H2160_00934	Cysteine--tRNA ligase	cysS	0.833	missense_variant	SNP	12	p.Arg307His	HAMBI_2160_chrm01_circ_H2160_00934_p.Arg307His	yes	All pre-exposed	2	0	1	H2160_00934_cysS
f-t4-2-d16	HAMBI_2160	1244853	HAMBI_2160_chrm01_circ	H2160_01181	hypothetical protein	NA	0.187	missense_variant	SNP	17	p.Lys333Glu	HAMBI_2160_chrm01_circ_H2160_01181_p.Lys333Glu	no	All pre-exposed	2	0	1	H2160_01181_NA
f-t4-4-d16	HAMBI_2160	975552	HAMBI_2160_chrm01_circ	H2160_00934	Cysteine--tRNA ligase	cysS	0.935	missense_variant	SNP	18	p.Arg307His	HAMBI_2160_chrm01_circ_H2160_00934_p.Arg307His	yes	All pre-exposed	4	0	1	H2160_00934_cysS
f-t4-4-d16	HAMBI_2160	1244853	HAMBI_2160_chrm01_circ	H2160_01181	hypothetical protein	NA	0.312	missense_variant	SNP	18	p.Lys333Glu	HAMBI_2160_chrm01_circ_H2160_01181_p.Lys333Glu	no	All pre-exposed	4	0	1	H2160_01181_NA
a-t3-1-d16	HAMBI_2659	4462763	HAMBI_2659_chrm01_circ	H2659_04191	hypothetical protein	NA	0.35	missense_variant	SNP	293	p.Ala189Glu	HAMBI_2659_chrm01_circ_H2659_04191_p.Ala189Glu	no	All ancestral	1	500	1	H2659_04191_NA
a-t3-3-d16	HAMBI_2659	2180401	HAMBI_2659_chrm01_circ	H2659_02114	UDP-N-acetyl-alpha-D-glucosamine C6 dehydratase	pglF	0.461	missense_variant	SNP	316	p.Leu70Pro	HAMBI_2659_chrm01_circ_H2659_02114_p.Leu70Pro	no	All ancestral	3	500	1	H2659_02114_pglF
a-t3-3-d16	HAMBI_2659	2181714	HAMBI_2659_chrm01_circ	H2659_02114	UDP-N-acetyl-alpha-D-glucosamine C6 dehydratase	pglF	0.318	missense_variant	SNP	231	p.Thr508Ala	HAMBI_2659_chrm01_circ_H2659_02114_p.Thr508Ala	no	All ancestral	3	500	1	H2659_02114_pglF
d-t2-3-d16	HAMBI_2659	4553446	HAMBI_2659_chrm01_circ	H2659_04278	hypothetical protein	NA	0.368	missense_variant	SNP	21	p.Leu156Arg	HAMBI_2659_chrm01_circ_H2659_04278_p.Leu156Arg	no	Pre-exposed 1972	3	50	1	H2659_04278_NA
d-t3-1-d16	HAMBI_2659	702625	HAMBI_2659_chrm01_circ	H2659_00657	putative fimbrial chaperone YadV	yadV	0.979	missense_variant	MNP	64	p.Gln91Leu	HAMBI_2659_chrm01_circ_H2659_00657_p.Gln91Leu	no	Pre-exposed 1972	1	500	1	H2659_00657_yadV
e-t1-1-d16	HAMBI_2659	2181103	HAMBI_2659_chrm01_circ	H2659_02114	UDP-N-acetyl-alpha-D-glucosamine C6 dehydratase	pglF	0.824	missense_variant	SNP	426	p.Gln304Arg	HAMBI_2659_chrm01_circ_H2659_02114_p.Gln304Arg	no	Pre-exposed 1977	1	5	1	H2659_02114_pglF
e-t1-3-d16	HAMBI_2659	4462763	HAMBI_2659_chrm01_circ	H2659_04191	hypothetical protein	NA	0.072	missense_variant	SNP	605	p.Ala189Glu	HAMBI_2659_chrm01_circ_H2659_04191_p.Ala189Glu	no	Pre-exposed 1977	3	5	1	H2659_04191_NA
e-t2-1-d16	HAMBI_2659	4462763	HAMBI_2659_chrm01_circ	H2659_04191	hypothetical protein	NA	0.791	missense_variant	SNP	415	p.Ala189Glu	HAMBI_2659_chrm01_circ_H2659_04191_p.Ala189Glu	no	Pre-exposed 1977	1	50	1	H2659_04191_NA
e-t4-1-d16	HAMBI_2659	1100770	HAMBI_2659_chrm01_circ	H2659_01047	hypothetical protein	NA	0.948	frameshift_variant	INDEL	493	p.Met58fs	HAMBI_2659_chrm01_circ_H2659_01047_p.Met58fs	no	Pre-exposed 1977	1	0	1	H2659_01047_NA
f-t1-1-d16	HAMBI_2659	701753	HAMBI_2659_chrm01_circ	H2659_00656	Major fimbrial subunit SMF-1	smf-1	0.997	frameshift_variant	INDEL	486	p.Ala9fs	HAMBI_2659_chrm01_circ_H2659_00656_p.Ala9fs	yes	All pre-exposed	1	5	1	H2659_00656_smf-1
f-t1-3-d16	HAMBI_2659	701753	HAMBI_2659_chrm01_circ	H2659_00656	Major fimbrial subunit SMF-1	smf-1	0.997	frameshift_variant	INDEL	424	p.Ala9fs	HAMBI_2659_chrm01_circ_H2659_00656_p.Ala9fs	yes	All pre-exposed	3	5	1	H2659_00656_smf-1
f-t2-1-d16	HAMBI_2659	701753	HAMBI_2659_chrm01_circ	H2659_00656	Major fimbrial subunit SMF-1	smf-1	0.996	frameshift_variant	INDEL	356	p.Ala9fs	HAMBI_2659_chrm01_circ_H2659_00656_p.Ala9fs	yes	All pre-exposed	1	50	1	H2659_00656_smf-1
f-t2-1-d16	HAMBI_2659	3841887	HAMBI_2659_chrm01_circ	H2659_03639	hypothetical protein	NA	0.964	missense_variant	SNP	413	p.Thr492Ala	HAMBI_2659_chrm01_circ_H2659_03639_p.Thr492Ala	no	All pre-exposed	1	50	1	H2659_03639_NA
f-t2-3-d16	HAMBI_2659	701753	HAMBI_2659_chrm01_circ	H2659_00656	Major fimbrial subunit SMF-1	smf-1	0.997	frameshift_variant	INDEL	381	p.Ala9fs	HAMBI_2659_chrm01_circ_H2659_00656_p.Ala9fs	yes	All pre-exposed	3	50	1	H2659_00656_smf-1
f-t3-1-d16	HAMBI_2659	701753	HAMBI_2659_chrm01_circ	H2659_00656	Major fimbrial subunit SMF-1	smf-1	0.997	frameshift_variant	INDEL	363	p.Ala9fs	HAMBI_2659_chrm01_circ_H2659_00656_p.Ala9fs	yes	All pre-exposed	1	500	1	H2659_00656_smf-1
f-t3-3-d16	HAMBI_2659	701753	HAMBI_2659_chrm01_circ	H2659_00656	Major fimbrial subunit SMF-1	smf-1	0.996	frameshift_variant	INDEL	358	p.Ala9fs	HAMBI_2659_chrm01_circ_H2659_00656_p.Ala9fs	yes	All pre-exposed	3	500	1	H2659_00656_smf-1
f-t4-1-d16	HAMBI_2659	701753	HAMBI_2659_chrm01_circ	H2659_00656	Major fimbrial subunit SMF-1	smf-1	0.996	frameshift_variant	INDEL	352	p.Ala9fs	HAMBI_2659_chrm01_circ_H2659_00656_p.Ala9fs	yes	All pre-exposed	1	0	1	H2659_00656_smf-1
f-t4-3-d16	HAMBI_2659	701753	HAMBI_2659_chrm01_circ	H2659_00656	Major fimbrial subunit SMF-1	smf-1	0.997	frameshift_variant	INDEL	482	p.Ala9fs	HAMBI_2659_chrm01_circ_H2659_00656_p.Ala9fs	yes	All pre-exposed	3	0	1	H2659_00656_smf-1
a-t1-2-d16	HAMBI_2659	702625	HAMBI_2659_chrm01_circ	H2659_00657	putative fimbrial chaperone YadV	yadV	0.877	missense_variant	MNP	48	p.Gln91Leu	HAMBI_2659_chrm01_circ_H2659_00657_p.Gln91Leu	no	All ancestral	2	5	1	H2659_00657_yadV
a-t2-2-d16	HAMBI_2659	702625	HAMBI_2659_chrm01_circ	H2659_00657	putative fimbrial chaperone YadV	yadV	0.94	missense_variant	MNP	18	p.Gln91Leu	HAMBI_2659_chrm01_circ_H2659_00657_p.Gln91Leu	no	All ancestral	2	50	1	H2659_00657_yadV
a-t2-4-d16	HAMBI_2659	2180401	HAMBI_2659_chrm01_circ	H2659_02114	UDP-N-acetyl-alpha-D-glucosamine C6 dehydratase	pglF	0.191	missense_variant	SNP	200	p.Leu70Pro	HAMBI_2659_chrm01_circ_H2659_02114_p.Leu70Pro	no	All ancestral	4	50	1	H2659_02114_pglF
a-t3-2-d16	HAMBI_2659	2181714	HAMBI_2659_chrm01_circ	H2659_02114	UDP-N-acetyl-alpha-D-glucosamine C6 dehydratase	pglF	0.028	missense_variant	SNP	239	p.Thr508Ala	HAMBI_2659_chrm01_circ_H2659_02114_p.Thr508Ala	no	All ancestral	2	500	1	H2659_02114_pglF
a-t3-2-d16	HAMBI_2659	4463198	HAMBI_2659_chrm01_circ	H2659_04191	hypothetical protein	NA	0.608	disruptive_inframe_deletion	INDEL	201	p.Val17_Thr43del	HAMBI_2659_chrm01_circ_H2659_04191_p.Val17_Thr43del	no	All ancestral	2	500	1	H2659_04191_NA
a-t3-4-d16	HAMBI_2659	4462763	HAMBI_2659_chrm01_circ	H2659_04191	hypothetical protein	NA	0.076	missense_variant	SNP	200	p.Ala189Glu	HAMBI_2659_chrm01_circ_H2659_04191_p.Ala189Glu	no	All ancestral	4	500	1	H2659_04191_NA
a-t4-2-d16	HAMBI_2659	1708891	HAMBI_2659_chrm01_circ	H2659_01630	DNA topoisomerase 4 subunit A	parC	0.449	missense_variant	SNP	107	p.Trp738Arg	HAMBI_2659_chrm01_circ_H2659_01630_p.Trp738Arg	no	All ancestral	2	0	1	H2659_01630_parC
a-t4-4-d16	HAMBI_2659	4462626	HAMBI_2659_chrm01_circ	H2659_04191	hypothetical protein	NA	0.317	frameshift_variant	INDEL	81	p.Ala234fs	HAMBI_2659_chrm01_circ_H2659_04191_p.Ala234fs	no	All ancestral	4	0	1	H2659_04191_NA
d-t2-2-d16	HAMBI_2659	2181694	HAMBI_2659_chrm01_circ	H2659_02114	UDP-N-acetyl-alpha-D-glucosamine C6 dehydratase	pglF	0.916	missense_variant	SNP	281	p.Ala501Val	HAMBI_2659_chrm01_circ_H2659_02114_p.Ala501Val	no	Pre-exposed 1972	2	50	1	H2659_02114_pglF
d-t2-4-d16	HAMBI_2659	702625	HAMBI_2659_chrm01_circ	H2659_00657	putative fimbrial chaperone YadV	yadV	0.969	missense_variant	MNP	41	p.Gln91Leu	HAMBI_2659_chrm01_circ_H2659_00657_p.Gln91Leu	no	Pre-exposed 1972	4	50	1	H2659_00657_yadV
f-t1-2-d16	HAMBI_2659	701753	HAMBI_2659_chrm01_circ	H2659_00656	Major fimbrial subunit SMF-1	smf-1	0.997	frameshift_variant	INDEL	462	p.Ala9fs	HAMBI_2659_chrm01_circ_H2659_00656_p.Ala9fs	yes	All pre-exposed	2	5	1	H2659_00656_smf-1
f-t1-4-d16	HAMBI_2659	701753	HAMBI_2659_chrm01_circ	H2659_00656	Major fimbrial subunit SMF-1	smf-1	0.994	frameshift_variant	INDEL	414	p.Ala9fs	HAMBI_2659_chrm01_circ_H2659_00656_p.Ala9fs	yes	All pre-exposed	4	5	1	H2659_00656_smf-1
f-t2-2-d16	HAMBI_2659	701753	HAMBI_2659_chrm01_circ	H2659_00656	Major fimbrial subunit SMF-1	smf-1	0.997	frameshift_variant	INDEL	428	p.Ala9fs	HAMBI_2659_chrm01_circ_H2659_00656_p.Ala9fs	yes	All pre-exposed	2	50	1	H2659_00656_smf-1
f-t2-4-d16	HAMBI_2659	701753	HAMBI_2659_chrm01_circ	H2659_00656	Major fimbrial subunit SMF-1	smf-1	0.997	frameshift_variant	INDEL	384	p.Ala9fs	HAMBI_2659_chrm01_circ_H2659_00656_p.Ala9fs	yes	All pre-exposed	4	50	1	H2659_00656_smf-1
f-t3-2-d16	HAMBI_2659	701753	HAMBI_2659_chrm01_circ	H2659_00656	Major fimbrial subunit SMF-1	smf-1	0.997	frameshift_variant	INDEL	405	p.Ala9fs	HAMBI_2659_chrm01_circ_H2659_00656_p.Ala9fs	yes	All pre-exposed	2	500	1	H2659_00656_smf-1
f-t3-4-d16	HAMBI_2659	701753	HAMBI_2659_chrm01_circ	H2659_00656	Major fimbrial subunit SMF-1	smf-1	0.995	frameshift_variant	INDEL	477	p.Ala9fs	HAMBI_2659_chrm01_circ_H2659_00656_p.Ala9fs	yes	All pre-exposed	4	500	1	H2659_00656_smf-1
f-t4-2-d16	HAMBI_2659	701753	HAMBI_2659_chrm01_circ	H2659_00656	Major fimbrial subunit SMF-1	smf-1	0.997	frameshift_variant	INDEL	403	p.Ala9fs	HAMBI_2659_chrm01_circ_H2659_00656_p.Ala9fs	yes	All pre-exposed	2	0	1	H2659_00656_smf-1
CC	HAMBI_2659	701753	HAMBI_2659_chrm01_circ	H2659_00656	Major fimbrial subunit SMF-1	smf-1	0.123	frameshift_variant	INDEL	166	p.Ala9fs	HAMBI_2659_chrm01_circ_H2659_00656_p.Ala9fs	yes	NA	NA	NA	1	H2659_00656_smf-1
f-t4-4-d16	HAMBI_2659	701753	HAMBI_2659_chrm01_circ	H2659_00656	Major fimbrial subunit SMF-1	smf-1	0.996	frameshift_variant	INDEL	306	p.Ala9fs	HAMBI_2659_chrm01_circ_H2659_00656_p.Ala9fs	yes	All pre-exposed	4	0	1	H2659_00656_smf-1
